id,compile_time,compile_result,process_failing_time,process_failing_result,process_failing_count,process_failing_cases,process_regression_time,process_regression_result,hotswap_time,hotswap_length,hotswap_failing_time,hotswap_failing_result,hotswap_failing_count,hotswap_failing_cases,hotswap_regression_time,side_effect
2,56,true,5124,false,5,"[testMath905LargePositive(org.apache.commons.math3.util.FastMathTest): expected:<0.0> but was:<9.007199254740778E15>-, testMath905LargeNegative(org.apache.commons.math3.util.FastMathTest): expected:<0.0> but was:<9.007199254740778E15>-, testHyperbolic(org.apache.commons.math3.util.FastMathTest): expected:<0.0> but was:<1.492646845552604E16>-, testCoshAccuracy(org.apache.commons.math3.util.FastMathTest): cosh() had errors in excess of 0.51 ULP-, testHyperbolicInverses(org.apache.commons.math3.util.FastMathTest): expected:<0.0> but was:<3.6445755620878965E15>-]",,,27,30406,4647,false,5,"[testMath905LargePositive(org.apache.commons.math3.util.FastMathTest): expected:<0.0> but was:<9.007199254740778E15>-, testMath905LargeNegative(org.apache.commons.math3.util.FastMathTest): expected:<0.0> but was:<9.007199254740778E15>-, testHyperbolic(org.apache.commons.math3.util.FastMathTest): expected:<0.0> but was:<1.492646845552604E16>-, testCoshAccuracy(org.apache.commons.math3.util.FastMathTest): cosh() had errors in excess of 0.51 ULP-, testHyperbolicInverses(org.apache.commons.math3.util.FastMathTest): expected:<0.0> but was:<3.6445755620878965E15>-]",,
3,53,true,4523,false,2,"[testMath905LargePositive(org.apache.commons.math3.util.FastMathTest): expected:<0.0> but was:<Infinity>-, testMath905LargeNegative(org.apache.commons.math3.util.FastMathTest): expected:<0.0> but was:<Infinity>-]",,,24,30747,4091,false,2,"[testMath905LargePositive(org.apache.commons.math3.util.FastMathTest): expected:<0.0> but was:<Infinity>-, testMath905LargeNegative(org.apache.commons.math3.util.FastMathTest): expected:<0.0> but was:<Infinity>-]",,
4,39,true,4575,false,2,"[testMath905LargePositive(org.apache.commons.math3.util.FastMathTest): expected:<0.0> but was:<Infinity>-, testMath905LargeNegative(org.apache.commons.math3.util.FastMathTest): expected:<0.0> but was:<Infinity>-]",,,24,30747,4046,false,2,"[testMath905LargePositive(org.apache.commons.math3.util.FastMathTest): expected:<0.0> but was:<Infinity>-, testMath905LargeNegative(org.apache.commons.math3.util.FastMathTest): expected:<0.0> but was:<Infinity>-]",,
5,35,true,5106,false,5,"[testMath905LargePositive(org.apache.commons.math3.util.FastMathTest): expected:<0.0> but was:<Infinity>-, testMath905LargeNegative(org.apache.commons.math3.util.FastMathTest): expected:<0.0> but was:<9.007199254740778E15>-, testHyperbolic(org.apache.commons.math3.util.FastMathTest): expected:<0.0> but was:<9.007161973606077E15>-, testCoshAccuracy(org.apache.commons.math3.util.FastMathTest): cosh() had errors in excess of 0.51 ULP-, testHyperbolicInverses(org.apache.commons.math3.util.FastMathTest): expected:<0.0> but was:<1.125899906842624E15>-]",,,23,30429,4668,false,5,"[testMath905LargePositive(org.apache.commons.math3.util.FastMathTest): expected:<0.0> but was:<Infinity>-, testMath905LargeNegative(org.apache.commons.math3.util.FastMathTest): expected:<0.0> but was:<9.007199254740778E15>-, testHyperbolic(org.apache.commons.math3.util.FastMathTest): expected:<0.0> but was:<9.007161973606077E15>-, testCoshAccuracy(org.apache.commons.math3.util.FastMathTest): cosh() had errors in excess of 0.51 ULP-, testHyperbolicInverses(org.apache.commons.math3.util.FastMathTest): expected:<0.0> but was:<1.125899906842624E15>-]",,
6,38,true,4492,false,2,"[testMath905LargePositive(org.apache.commons.math3.util.FastMathTest): expected:<0.0> but was:<NaN>-, testMath905LargeNegative(org.apache.commons.math3.util.FastMathTest): expected:<0.0> but was:<Infinity>-]",,,23,30738,4034,false,2,"[testMath905LargePositive(org.apache.commons.math3.util.FastMathTest): expected:<0.0> but was:<NaN>-, testMath905LargeNegative(org.apache.commons.math3.util.FastMathTest): expected:<0.0> but was:<Infinity>-]",,
7,31,true,4476,false,2,"[testMath905LargePositive(org.apache.commons.math3.util.FastMathTest): expected:<0.0> but was:<NaN>-, testMath905LargeNegative(org.apache.commons.math3.util.FastMathTest): expected:<0.0> but was:<Infinity>-]",,,23,30738,4057,false,2,"[testMath905LargePositive(org.apache.commons.math3.util.FastMathTest): expected:<0.0> but was:<NaN>-, testMath905LargeNegative(org.apache.commons.math3.util.FastMathTest): expected:<0.0> but was:<Infinity>-]",,
8,36,true,4530,false,3,"[testMath905LargePositive(org.apache.commons.math3.util.FastMathTest): null-, testMath905LargeNegative(org.apache.commons.math3.util.FastMathTest): null-, testExpSpecialCases(org.apache.commons.math3.util.FastMathTest): null-]",,,23,30754,4055,false,3,"[testMath905LargePositive(org.apache.commons.math3.util.FastMathTest): null-, testMath905LargeNegative(org.apache.commons.math3.util.FastMathTest): null-, testExpSpecialCases(org.apache.commons.math3.util.FastMathTest): null-]",,
9,36,true,4585,false,2,"[testMath905LargePositive(org.apache.commons.math3.util.FastMathTest): expected:<0.0> but was:<Infinity>-, testMath905LargeNegative(org.apache.commons.math3.util.FastMathTest): expected:<0.0> but was:<Infinity>-]",,,23,30734,4043,false,2,"[testMath905LargePositive(org.apache.commons.math3.util.FastMathTest): expected:<0.0> but was:<Infinity>-, testMath905LargeNegative(org.apache.commons.math3.util.FastMathTest): expected:<0.0> but was:<Infinity>-]",,
10,30,true,4530,false,2,"[testMath905LargePositive(org.apache.commons.math3.util.FastMathTest): expected:<0.0> but was:<Infinity>-, testMath905LargeNegative(org.apache.commons.math3.util.FastMathTest): expected:<0.0> but was:<Infinity>-]",,,23,30734,4014,false,2,"[testMath905LargePositive(org.apache.commons.math3.util.FastMathTest): expected:<0.0> but was:<Infinity>-, testMath905LargeNegative(org.apache.commons.math3.util.FastMathTest): expected:<0.0> but was:<Infinity>-]",,
11,29,true,4513,false,3,"[testMath905LargePositive(org.apache.commons.math3.util.FastMathTest): expected:<0.0> but was:<NaN>-, testMath905LargeNegative(org.apache.commons.math3.util.FastMathTest): expected:<0.0> but was:<NaN>-, testExpSpecialCases(org.apache.commons.math3.util.FastMathTest): -2147482899-]",,,28,30755,4032,false,3,"[testMath905LargePositive(org.apache.commons.math3.util.FastMathTest): expected:<0.0> but was:<NaN>-, testMath905LargeNegative(org.apache.commons.math3.util.FastMathTest): expected:<0.0> but was:<NaN>-, testExpSpecialCases(org.apache.commons.math3.util.FastMathTest): -2147482899-]",,
12,35,true,4290,false,2,"[testMath905LargePositive(org.apache.commons.math3.util.FastMathTest): expected:<0.0> but was:<Infinity>-, testMath905LargeNegative(org.apache.commons.math3.util.FastMathTest): expected:<0.0> but was:<Infinity>-]",,,11,22566,4113,false,2,"[testMath905LargePositive(org.apache.commons.math3.util.FastMathTest): expected:<0.0> but was:<Infinity>-, testMath905LargeNegative(org.apache.commons.math3.util.FastMathTest): expected:<0.0> but was:<Infinity>-]",,
13,27,true,1100,false,46,"[testLogSpecialCases(org.apache.commons.math3.util.FastMathTest): String index out of range: 0-, testDoubleNextAfterSpecialCases(org.apache.commons.math3.util.FastMathTest): String index out of range: 0-, testIndicatorDouble(org.apache.commons.math3.util.FastMathTest): String index out of range: 0-, testAtan2SpecialCases(org.apache.commons.math3.util.FastMathTest): String index out of range: 0-, testCbrtAccuracy(org.apache.commons.math3.util.FastMathTest): String index out of range: 0-, testAtan2(org.apache.commons.math3.util.FastMathTest): String index out of range: 0-, checkMissingFastMathClasses(org.apache.commons.math3.util.FastMathTest): String index out of range: 0-, testLogAccuracy(org.apache.commons.math3.util.FastMathTest): String index out of range: 0-, testLog1pSpecialCases(org.apache.commons.math3.util.FastMathTest): String index out of range: 0-, testAcosAccuracy(org.apache.commons.math3.util.FastMathTest): String index out of range: 0-, ...and 36 failures more]",,,11,23085,10012,,,,,
14,27,true,4399,false,2,"[testMath905LargePositive(org.apache.commons.math3.util.FastMathTest): expected:<0.0> but was:<Infinity>-, testMath905LargeNegative(org.apache.commons.math3.util.FastMathTest): expected:<0.0> but was:<Infinity>-]",,,5,22974,4410,false,2,"[testMath905LargePositive(org.apache.commons.math3.util.FastMathTest): expected:<0.0> but was:<Infinity>-, testMath905LargeNegative(org.apache.commons.math3.util.FastMathTest): expected:<0.0> but was:<Infinity>-]",,
15,29,true,4461,false,2,"[testMath905LargePositive(org.apache.commons.math3.util.FastMathTest): expected:<0.0> but was:<Infinity>-, testMath905LargeNegative(org.apache.commons.math3.util.FastMathTest): expected:<0.0> but was:<Infinity>-]",,,2,22974,4057,false,2,"[testMath905LargePositive(org.apache.commons.math3.util.FastMathTest): expected:<0.0> but was:<Infinity>-, testMath905LargeNegative(org.apache.commons.math3.util.FastMathTest): expected:<0.0> but was:<Infinity>-]",,
16,37,true,10001,,,,,,3,23021,10004,,,,,
17,27,true,10001,,,,,,5,23082,10074,,,,,
18,28,true,4509,false,2,"[testMath905LargePositive(org.apache.commons.math3.util.FastMathTest): expected:<0.0> but was:<Infinity>-, testMath905LargeNegative(org.apache.commons.math3.util.FastMathTest): expected:<0.0> but was:<Infinity>-]",,,5,23074,4482,false,2,"[testMath905LargePositive(org.apache.commons.math3.util.FastMathTest): expected:<0.0> but was:<Infinity>-, testMath905LargeNegative(org.apache.commons.math3.util.FastMathTest): expected:<0.0> but was:<Infinity>-]",,
19,36,true,428,false,46,"[testLogSpecialCases(org.apache.commons.math3.util.FastMathTest): String index out of range: 0-, testDoubleNextAfterSpecialCases(org.apache.commons.math3.util.FastMathTest): String index out of range: 0-, testIndicatorDouble(org.apache.commons.math3.util.FastMathTest): String index out of range: 0-, testAtan2SpecialCases(org.apache.commons.math3.util.FastMathTest): String index out of range: 0-, testCbrtAccuracy(org.apache.commons.math3.util.FastMathTest): String index out of range: 0-, testAtan2(org.apache.commons.math3.util.FastMathTest): String index out of range: 0-, checkMissingFastMathClasses(org.apache.commons.math3.util.FastMathTest): String index out of range: 0-, testLogAccuracy(org.apache.commons.math3.util.FastMathTest): String index out of range: 0-, testLog1pSpecialCases(org.apache.commons.math3.util.FastMathTest): String index out of range: 0-, testAcosAccuracy(org.apache.commons.math3.util.FastMathTest): String index out of range: 0-, ...and 36 failures more]",,,3,23085,10004,,,,,
20,22,true,4481,false,2,"[testMath905LargePositive(org.apache.commons.math3.util.FastMathTest): expected:<0.0> but was:<Infinity>-, testMath905LargeNegative(org.apache.commons.math3.util.FastMathTest): expected:<0.0> but was:<Infinity>-]",,,5,23060,4520,false,2,"[testMath905LargePositive(org.apache.commons.math3.util.FastMathTest): expected:<0.0> but was:<Infinity>-, testMath905LargeNegative(org.apache.commons.math3.util.FastMathTest): expected:<0.0> but was:<Infinity>-]",,
21,22,true,4477,false,2,"[testMath905LargePositive(org.apache.commons.math3.util.FastMathTest): expected:<0.0> but was:<Infinity>-, testMath905LargeNegative(org.apache.commons.math3.util.FastMathTest): expected:<0.0> but was:<Infinity>-]",,,2,23060,4154,false,2,"[testMath905LargePositive(org.apache.commons.math3.util.FastMathTest): expected:<0.0> but was:<Infinity>-, testMath905LargeNegative(org.apache.commons.math3.util.FastMathTest): expected:<0.0> but was:<Infinity>-]",,
22,31,true,4585,false,2,"[testMath905LargePositive(org.apache.commons.math3.util.FastMathTest): expected:<0.0> but was:<Infinity>-, testMath905LargeNegative(org.apache.commons.math3.util.FastMathTest): expected:<0.0> but was:<Infinity>-]",,,2,23014,4273,false,2,"[testMath905LargePositive(org.apache.commons.math3.util.FastMathTest): expected:<0.0> but was:<Infinity>-, testMath905LargeNegative(org.apache.commons.math3.util.FastMathTest): expected:<0.0> but was:<Infinity>-]",,
23,30,true,4476,false,2,"[testMath905LargePositive(org.apache.commons.math3.util.FastMathTest): expected:<0.0> but was:<Infinity>-, testMath905LargeNegative(org.apache.commons.math3.util.FastMathTest): expected:<0.0> but was:<Infinity>-]",,,2,23059,4201,false,2,"[testMath905LargePositive(org.apache.commons.math3.util.FastMathTest): expected:<0.0> but was:<Infinity>-, testMath905LargeNegative(org.apache.commons.math3.util.FastMathTest): expected:<0.0> but was:<Infinity>-]",,
24,26,true,4454,false,2,"[testMath905LargePositive(org.apache.commons.math3.util.FastMathTest): expected:<0.0> but was:<Infinity>-, testMath905LargeNegative(org.apache.commons.math3.util.FastMathTest): expected:<0.0> but was:<Infinity>-]",,,2,23059,4304,false,2,"[testMath905LargePositive(org.apache.commons.math3.util.FastMathTest): expected:<0.0> but was:<Infinity>-, testMath905LargeNegative(org.apache.commons.math3.util.FastMathTest): expected:<0.0> but was:<Infinity>-]",,
25,21,true,404,false,46,"[testLogSpecialCases(org.apache.commons.math3.util.FastMathTest): String index out of range: 0-, testDoubleNextAfterSpecialCases(org.apache.commons.math3.util.FastMathTest): String index out of range: 0-, testIndicatorDouble(org.apache.commons.math3.util.FastMathTest): String index out of range: 0-, testAtan2SpecialCases(org.apache.commons.math3.util.FastMathTest): String index out of range: 0-, testCbrtAccuracy(org.apache.commons.math3.util.FastMathTest): String index out of range: 0-, testAtan2(org.apache.commons.math3.util.FastMathTest): String index out of range: 0-, checkMissingFastMathClasses(org.apache.commons.math3.util.FastMathTest): String index out of range: 0-, testLogAccuracy(org.apache.commons.math3.util.FastMathTest): String index out of range: 0-, testLog1pSpecialCases(org.apache.commons.math3.util.FastMathTest): String index out of range: 0-, testAcosAccuracy(org.apache.commons.math3.util.FastMathTest): String index out of range: 0-, ...and 36 failures more]",,,4,23046,2370,false,22,"[testCbrtAccuracy(org.apache.commons.math3.util.FastMathTest): cbrt() had errors in excess of 0.51 ULP-, testLogAccuracy(org.apache.commons.math3.util.FastMathTest): log() had errors in excess of 0.51 ULP-, testAcosAccuracy(org.apache.commons.math3.util.FastMathTest): acos() had errors in excess of 0.51 ULP-, testTanhAccuracy(org.apache.commons.math3.util.FastMathTest): tanh() had errors in excess of 0.51 ULP-, testMath905LargePositive(org.apache.commons.math3.util.FastMathTest): expected:<0.0> but was:<Infinity>-, testMath905LargeNegative(org.apache.commons.math3.util.FastMathTest): expected:<0.0> but was:<Infinity>-, testToRadians(org.apache.commons.math3.util.FastMathTest): toRadians() had errors in excess of 0.51 ULP-, testTanAccuracy(org.apache.commons.math3.util.FastMathTest): tan() had errors in excess of 0.51 ULP-, testToDegrees(org.apache.commons.math3.util.FastMathTest): toDegrees() had errors in excess of 0.51 ULP-, testSinAccuracy(org.apache.commons.math3.util.FastMathTest): sin() had errors in excess of 0.51 ULP-, ...and 12 failures more]",,"process:[testLogSpecialCases(org.apache.commons.math3.util.FastMathTest): String index out of range: 0-, testDoubleNextAfterSpecialCases(org.apache.commons.math3.util.FastMathTest): String index out of range: 0-, testIndicatorDouble(org.apache.commons.math3.util.FastMathTest): String index out of range: 0-, testAtan2SpecialCases(org.apache.commons.math3.util.FastMathTest): String index out of range: 0-, testCbrtAccuracy(org.apache.commons.math3.util.FastMathTest): String index out of range: 0-, testAtan2(org.apache.commons.math3.util.FastMathTest): String index out of range: 0-, checkMissingFastMathClasses(org.apache.commons.math3.util.FastMathTest): String index out of range: 0-, testLogAccuracy(org.apache.commons.math3.util.FastMathTest): String index out of range: 0-, testLog1pSpecialCases(org.apache.commons.math3.util.FastMathTest): String index out of range: 0-, testAcosAccuracy(org.apache.commons.math3.util.FastMathTest): String index out of range: 0-, ...and 36 failures more]hotswap:[testCbrtAccuracy(org.apache.commons.math3.util.FastMathTest): cbrt() had errors in excess of 0.51 ULP-, testLogAccuracy(org.apache.commons.math3.util.FastMathTest): log() had errors in excess of 0.51 ULP-, testAcosAccuracy(org.apache.commons.math3.util.FastMathTest): acos() had errors in excess of 0.51 ULP-, testTanhAccuracy(org.apache.commons.math3.util.FastMathTest): tanh() had errors in excess of 0.51 ULP-, testMath905LargePositive(org.apache.commons.math3.util.FastMathTest): expected:<0.0> but was:<Infinity>-, testMath905LargeNegative(org.apache.commons.math3.util.FastMathTest): expected:<0.0> but was:<Infinity>-, testToRadians(org.apache.commons.math3.util.FastMathTest): toRadians() had errors in excess of 0.51 ULP-, testTanAccuracy(org.apache.commons.math3.util.FastMathTest): tan() had errors in excess of 0.51 ULP-, testToDegrees(org.apache.commons.math3.util.FastMathTest): toDegrees() had errors in excess of 0.51 ULP-, testSinAccuracy(org.apache.commons.math3.util.FastMathTest): sin() had errors in excess of 0.51 ULP-, ...and 12 failures more]"
26,21,true,4501,false,2,"[testMath905LargePositive(org.apache.commons.math3.util.FastMathTest): expected:<0.0> but was:<Infinity>-, testMath905LargeNegative(org.apache.commons.math3.util.FastMathTest): expected:<0.0> but was:<Infinity>-]",,,4,23062,4221,false,2,"[testMath905LargePositive(org.apache.commons.math3.util.FastMathTest): expected:<0.0> but was:<Infinity>-, testMath905LargeNegative(org.apache.commons.math3.util.FastMathTest): expected:<0.0> but was:<Infinity>-]",,
27,19,true,4468,false,2,"[testMath905LargePositive(org.apache.commons.math3.util.FastMathTest): expected:<0.0> but was:<Infinity>-, testMath905LargeNegative(org.apache.commons.math3.util.FastMathTest): expected:<0.0> but was:<Infinity>-]",,,3,23062,4250,false,2,"[testMath905LargePositive(org.apache.commons.math3.util.FastMathTest): expected:<0.0> but was:<Infinity>-, testMath905LargeNegative(org.apache.commons.math3.util.FastMathTest): expected:<0.0> but was:<Infinity>-]",,
28,23,true,4625,false,2,"[testMath905LargePositive(org.apache.commons.math3.util.FastMathTest): expected:<0.0> but was:<Infinity>-, testMath905LargeNegative(org.apache.commons.math3.util.FastMathTest): expected:<0.0> but was:<Infinity>-]",,,2,23079,4242,false,2,"[testMath905LargePositive(org.apache.commons.math3.util.FastMathTest): expected:<0.0> but was:<Infinity>-, testMath905LargeNegative(org.apache.commons.math3.util.FastMathTest): expected:<0.0> but was:<Infinity>-]",,
29,19,true,4441,false,2,"[testMath905LargePositive(org.apache.commons.math3.util.FastMathTest): expected:<0.0> but was:<Infinity>-, testMath905LargeNegative(org.apache.commons.math3.util.FastMathTest): expected:<0.0> but was:<Infinity>-]",,,3,23065,4218,false,2,"[testMath905LargePositive(org.apache.commons.math3.util.FastMathTest): expected:<0.0> but was:<Infinity>-, testMath905LargeNegative(org.apache.commons.math3.util.FastMathTest): expected:<0.0> but was:<Infinity>-]",,
30,24,true,4460,false,2,"[testMath905LargePositive(org.apache.commons.math3.util.FastMathTest): expected:<0.0> but was:<Infinity>-, testMath905LargeNegative(org.apache.commons.math3.util.FastMathTest): expected:<0.0> but was:<Infinity>-]",,,3,23065,4246,false,2,"[testMath905LargePositive(org.apache.commons.math3.util.FastMathTest): expected:<0.0> but was:<Infinity>-, testMath905LargeNegative(org.apache.commons.math3.util.FastMathTest): expected:<0.0> but was:<Infinity>-]",,
31,21,true,4479,false,2,"[testMath905LargePositive(org.apache.commons.math3.util.FastMathTest): expected:<0.0> but was:<Infinity>-, testMath905LargeNegative(org.apache.commons.math3.util.FastMathTest): expected:<0.0> but was:<Infinity>-]",,,2,23080,4261,false,2,"[testMath905LargePositive(org.apache.commons.math3.util.FastMathTest): expected:<0.0> but was:<Infinity>-, testMath905LargeNegative(org.apache.commons.math3.util.FastMathTest): expected:<0.0> but was:<Infinity>-]",,
32,22,true,4454,false,2,"[testMath905LargePositive(org.apache.commons.math3.util.FastMathTest): expected:<0.0> but was:<Infinity>-, testMath905LargeNegative(org.apache.commons.math3.util.FastMathTest): expected:<0.0> but was:<Infinity>-]",,,3,23086,4229,false,2,"[testMath905LargePositive(org.apache.commons.math3.util.FastMathTest): expected:<0.0> but was:<Infinity>-, testMath905LargeNegative(org.apache.commons.math3.util.FastMathTest): expected:<0.0> but was:<Infinity>-]",,
33,14,true,4498,false,2,"[testMath905LargePositive(org.apache.commons.math3.util.FastMathTest): expected:<0.0> but was:<Infinity>-, testMath905LargeNegative(org.apache.commons.math3.util.FastMathTest): expected:<0.0> but was:<Infinity>-]",,,1,9213,4251,false,2,"[testMath905LargePositive(org.apache.commons.math3.util.FastMathTest): expected:<0.0> but was:<Infinity>-, testMath905LargeNegative(org.apache.commons.math3.util.FastMathTest): expected:<0.0> but was:<Infinity>-]",,
34,12,true,172,false,46,"[testLogSpecialCases(org.apache.commons.math3.util.FastMathTest): String index out of range: 0-, testDoubleNextAfterSpecialCases(org.apache.commons.math3.util.FastMathTest): String index out of range: 0-, testIndicatorDouble(org.apache.commons.math3.util.FastMathTest): String index out of range: 0-, testAtan2SpecialCases(org.apache.commons.math3.util.FastMathTest): String index out of range: 0-, testCbrtAccuracy(org.apache.commons.math3.util.FastMathTest): String index out of range: 0-, testAtan2(org.apache.commons.math3.util.FastMathTest): String index out of range: 0-, checkMissingFastMathClasses(org.apache.commons.math3.util.FastMathTest): String index out of range: 0-, testLogAccuracy(org.apache.commons.math3.util.FastMathTest): String index out of range: 0-, testLog1pSpecialCases(org.apache.commons.math3.util.FastMathTest): String index out of range: 0-, testAcosAccuracy(org.apache.commons.math3.util.FastMathTest): String index out of range: 0-, ...and 36 failures more]",,,1,9056,9,false,46,"[testLogSpecialCases(org.apache.commons.math3.util.FastMathTest): String index out of range: 0-, testDoubleNextAfterSpecialCases(org.apache.commons.math3.util.FastMathTest): String index out of range: 0-, testIndicatorDouble(org.apache.commons.math3.util.FastMathTest): String index out of range: 0-, testAtan2SpecialCases(org.apache.commons.math3.util.FastMathTest): String index out of range: 0-, testCbrtAccuracy(org.apache.commons.math3.util.FastMathTest): String index out of range: 0-, testAtan2(org.apache.commons.math3.util.FastMathTest): String index out of range: 0-, checkMissingFastMathClasses(org.apache.commons.math3.util.FastMathTest): String index out of range: 0-, testLogAccuracy(org.apache.commons.math3.util.FastMathTest): String index out of range: 0-, testLog1pSpecialCases(org.apache.commons.math3.util.FastMathTest): String index out of range: 0-, testAcosAccuracy(org.apache.commons.math3.util.FastMathTest): String index out of range: 0-, ...and 36 failures more]",,
35,9,true,170,false,46,"[testLogSpecialCases(org.apache.commons.math3.util.FastMathTest): String index out of range: 0-, testDoubleNextAfterSpecialCases(org.apache.commons.math3.util.FastMathTest): String index out of range: 0-, testIndicatorDouble(org.apache.commons.math3.util.FastMathTest): String index out of range: 0-, testAtan2SpecialCases(org.apache.commons.math3.util.FastMathTest): String index out of range: 0-, testCbrtAccuracy(org.apache.commons.math3.util.FastMathTest): String index out of range: 0-, testAtan2(org.apache.commons.math3.util.FastMathTest): String index out of range: 0-, checkMissingFastMathClasses(org.apache.commons.math3.util.FastMathTest): String index out of range: 0-, testLogAccuracy(org.apache.commons.math3.util.FastMathTest): String index out of range: 0-, testLog1pSpecialCases(org.apache.commons.math3.util.FastMathTest): String index out of range: 0-, testAcosAccuracy(org.apache.commons.math3.util.FastMathTest): String index out of range: 0-, ...and 36 failures more]",,,1,9215,9,false,46,"[testLogSpecialCases(org.apache.commons.math3.util.FastMathTest): String index out of range: 0-, testDoubleNextAfterSpecialCases(org.apache.commons.math3.util.FastMathTest): String index out of range: 0-, testIndicatorDouble(org.apache.commons.math3.util.FastMathTest): String index out of range: 0-, testAtan2SpecialCases(org.apache.commons.math3.util.FastMathTest): String index out of range: 0-, testCbrtAccuracy(org.apache.commons.math3.util.FastMathTest): String index out of range: 0-, testAtan2(org.apache.commons.math3.util.FastMathTest): String index out of range: 0-, checkMissingFastMathClasses(org.apache.commons.math3.util.FastMathTest): String index out of range: 0-, testLogAccuracy(org.apache.commons.math3.util.FastMathTest): String index out of range: 0-, testLog1pSpecialCases(org.apache.commons.math3.util.FastMathTest): String index out of range: 0-, testAcosAccuracy(org.apache.commons.math3.util.FastMathTest): String index out of range: 0-, ...and 36 failures more]",,
36,9,true,4485,false,2,"[testMath905LargePositive(org.apache.commons.math3.util.FastMathTest): expected:<0.0> but was:<Infinity>-, testMath905LargeNegative(org.apache.commons.math3.util.FastMathTest): expected:<0.0> but was:<Infinity>-]",,,2,9206,4240,false,2,"[testMath905LargePositive(org.apache.commons.math3.util.FastMathTest): expected:<0.0> but was:<Infinity>-, testMath905LargeNegative(org.apache.commons.math3.util.FastMathTest): expected:<0.0> but was:<Infinity>-]",,
37,9,true,4533,false,2,"[testMath905LargePositive(org.apache.commons.math3.util.FastMathTest): expected:<0.0> but was:<Infinity>-, testMath905LargeNegative(org.apache.commons.math3.util.FastMathTest): expected:<0.0> but was:<Infinity>-]",,,1,9200,4192,false,2,"[testMath905LargePositive(org.apache.commons.math3.util.FastMathTest): expected:<0.0> but was:<Infinity>-, testMath905LargeNegative(org.apache.commons.math3.util.FastMathTest): expected:<0.0> but was:<Infinity>-]",,
38,8,true,4486,false,2,"[testMath905LargePositive(org.apache.commons.math3.util.FastMathTest): expected:<0.0> but was:<Infinity>-, testMath905LargeNegative(org.apache.commons.math3.util.FastMathTest): expected:<0.0> but was:<Infinity>-]",,,1,9200,4146,false,2,"[testMath905LargePositive(org.apache.commons.math3.util.FastMathTest): expected:<0.0> but was:<Infinity>-, testMath905LargeNegative(org.apache.commons.math3.util.FastMathTest): expected:<0.0> but was:<Infinity>-]",,
39,8,true,4473,false,2,"[testMath905LargePositive(org.apache.commons.math3.util.FastMathTest): expected:<0.0> but was:<Infinity>-, testMath905LargeNegative(org.apache.commons.math3.util.FastMathTest): expected:<0.0> but was:<Infinity>-]",,,1,9224,4176,false,2,"[testMath905LargePositive(org.apache.commons.math3.util.FastMathTest): expected:<0.0> but was:<Infinity>-, testMath905LargeNegative(org.apache.commons.math3.util.FastMathTest): expected:<0.0> but was:<Infinity>-]",,
40,8,true,4572,false,2,"[testMath905LargePositive(org.apache.commons.math3.util.FastMathTest): expected:<0.0> but was:<Infinity>-, testMath905LargeNegative(org.apache.commons.math3.util.FastMathTest): expected:<0.0> but was:<Infinity>-]",,,1,9216,4138,false,2,"[testMath905LargePositive(org.apache.commons.math3.util.FastMathTest): expected:<0.0> but was:<Infinity>-, testMath905LargeNegative(org.apache.commons.math3.util.FastMathTest): expected:<0.0> but was:<Infinity>-]",,
41,14,true,4482,false,2,"[testMath905LargePositive(org.apache.commons.math3.util.FastMathTest): expected:<0.0> but was:<Infinity>-, testMath905LargeNegative(org.apache.commons.math3.util.FastMathTest): expected:<0.0> but was:<Infinity>-]",,,1,9193,4321,false,2,"[testMath905LargePositive(org.apache.commons.math3.util.FastMathTest): expected:<0.0> but was:<Infinity>-, testMath905LargeNegative(org.apache.commons.math3.util.FastMathTest): expected:<0.0> but was:<Infinity>-]",,
42,8,true,4503,false,2,"[testMath905LargePositive(org.apache.commons.math3.util.FastMathTest): expected:<0.0> but was:<Infinity>-, testMath905LargeNegative(org.apache.commons.math3.util.FastMathTest): expected:<0.0> but was:<Infinity>-]",,,1,9193,4196,false,2,"[testMath905LargePositive(org.apache.commons.math3.util.FastMathTest): expected:<0.0> but was:<Infinity>-, testMath905LargeNegative(org.apache.commons.math3.util.FastMathTest): expected:<0.0> but was:<Infinity>-]",,
43,13,true,4585,false,2,"[testMath905LargePositive(org.apache.commons.math3.util.FastMathTest): expected:<0.0> but was:<Infinity>-, testMath905LargeNegative(org.apache.commons.math3.util.FastMathTest): expected:<0.0> but was:<Infinity>-]",,,1,9213,4178,false,2,"[testMath905LargePositive(org.apache.commons.math3.util.FastMathTest): expected:<0.0> but was:<Infinity>-, testMath905LargeNegative(org.apache.commons.math3.util.FastMathTest): expected:<0.0> but was:<Infinity>-]",,
44,8,true,4574,false,2,"[testMath905LargePositive(org.apache.commons.math3.util.FastMathTest): expected:<0.0> but was:<Infinity>-, testMath905LargeNegative(org.apache.commons.math3.util.FastMathTest): expected:<0.0> but was:<Infinity>-]",,,1,9224,4132,false,2,"[testMath905LargePositive(org.apache.commons.math3.util.FastMathTest): expected:<0.0> but was:<Infinity>-, testMath905LargeNegative(org.apache.commons.math3.util.FastMathTest): expected:<0.0> but was:<Infinity>-]",,
45,8,true,176,false,46,"[testLogSpecialCases(org.apache.commons.math3.util.FastMathTest): String index out of range: 0-, testDoubleNextAfterSpecialCases(org.apache.commons.math3.util.FastMathTest): String index out of range: 0-, testIndicatorDouble(org.apache.commons.math3.util.FastMathTest): String index out of range: 0-, testAtan2SpecialCases(org.apache.commons.math3.util.FastMathTest): String index out of range: 0-, testCbrtAccuracy(org.apache.commons.math3.util.FastMathTest): String index out of range: 0-, testAtan2(org.apache.commons.math3.util.FastMathTest): String index out of range: 0-, checkMissingFastMathClasses(org.apache.commons.math3.util.FastMathTest): String index out of range: 0-, testLogAccuracy(org.apache.commons.math3.util.FastMathTest): String index out of range: 0-, testLog1pSpecialCases(org.apache.commons.math3.util.FastMathTest): String index out of range: 0-, testAcosAccuracy(org.apache.commons.math3.util.FastMathTest): String index out of range: 0-, ...and 36 failures more]",,,1,9161,8,false,46,"[testLogSpecialCases(org.apache.commons.math3.util.FastMathTest): String index out of range: 0-, testDoubleNextAfterSpecialCases(org.apache.commons.math3.util.FastMathTest): String index out of range: 0-, testIndicatorDouble(org.apache.commons.math3.util.FastMathTest): String index out of range: 0-, testAtan2SpecialCases(org.apache.commons.math3.util.FastMathTest): String index out of range: 0-, testCbrtAccuracy(org.apache.commons.math3.util.FastMathTest): String index out of range: 0-, testAtan2(org.apache.commons.math3.util.FastMathTest): String index out of range: 0-, checkMissingFastMathClasses(org.apache.commons.math3.util.FastMathTest): String index out of range: 0-, testLogAccuracy(org.apache.commons.math3.util.FastMathTest): String index out of range: 0-, testLog1pSpecialCases(org.apache.commons.math3.util.FastMathTest): String index out of range: 0-, testAcosAccuracy(org.apache.commons.math3.util.FastMathTest): String index out of range: 0-, ...and 36 failures more]",,
46,8,true,170,false,46,"[testLogSpecialCases(org.apache.commons.math3.util.FastMathTest): String index out of range: 0-, testDoubleNextAfterSpecialCases(org.apache.commons.math3.util.FastMathTest): String index out of range: 0-, testIndicatorDouble(org.apache.commons.math3.util.FastMathTest): String index out of range: 0-, testAtan2SpecialCases(org.apache.commons.math3.util.FastMathTest): String index out of range: 0-, testCbrtAccuracy(org.apache.commons.math3.util.FastMathTest): String index out of range: 0-, testAtan2(org.apache.commons.math3.util.FastMathTest): String index out of range: 0-, checkMissingFastMathClasses(org.apache.commons.math3.util.FastMathTest): String index out of range: 0-, testLogAccuracy(org.apache.commons.math3.util.FastMathTest): String index out of range: 0-, testLog1pSpecialCases(org.apache.commons.math3.util.FastMathTest): String index out of range: 0-, testAcosAccuracy(org.apache.commons.math3.util.FastMathTest): String index out of range: 0-, ...and 36 failures more]",,,1,9198,9,false,46,"[testLogSpecialCases(org.apache.commons.math3.util.FastMathTest): String index out of range: 0-, testDoubleNextAfterSpecialCases(org.apache.commons.math3.util.FastMathTest): String index out of range: 0-, testIndicatorDouble(org.apache.commons.math3.util.FastMathTest): String index out of range: 0-, testAtan2SpecialCases(org.apache.commons.math3.util.FastMathTest): String index out of range: 0-, testCbrtAccuracy(org.apache.commons.math3.util.FastMathTest): String index out of range: 0-, testAtan2(org.apache.commons.math3.util.FastMathTest): String index out of range: 0-, checkMissingFastMathClasses(org.apache.commons.math3.util.FastMathTest): String index out of range: 0-, testLogAccuracy(org.apache.commons.math3.util.FastMathTest): String index out of range: 0-, testLog1pSpecialCases(org.apache.commons.math3.util.FastMathTest): String index out of range: 0-, testAcosAccuracy(org.apache.commons.math3.util.FastMathTest): String index out of range: 0-, ...and 36 failures more]",,
47,9,true,172,false,46,"[testLogSpecialCases(org.apache.commons.math3.util.FastMathTest): String index out of range: 0-, testDoubleNextAfterSpecialCases(org.apache.commons.math3.util.FastMathTest): String index out of range: 0-, testIndicatorDouble(org.apache.commons.math3.util.FastMathTest): String index out of range: 0-, testAtan2SpecialCases(org.apache.commons.math3.util.FastMathTest): String index out of range: 0-, testCbrtAccuracy(org.apache.commons.math3.util.FastMathTest): String index out of range: 0-, testAtan2(org.apache.commons.math3.util.FastMathTest): String index out of range: 0-, checkMissingFastMathClasses(org.apache.commons.math3.util.FastMathTest): String index out of range: 0-, testLogAccuracy(org.apache.commons.math3.util.FastMathTest): String index out of range: 0-, testLog1pSpecialCases(org.apache.commons.math3.util.FastMathTest): String index out of range: 0-, testAcosAccuracy(org.apache.commons.math3.util.FastMathTest): String index out of range: 0-, ...and 36 failures more]",,,1,9198,9,false,46,"[testLogSpecialCases(org.apache.commons.math3.util.FastMathTest): String index out of range: 0-, testDoubleNextAfterSpecialCases(org.apache.commons.math3.util.FastMathTest): String index out of range: 0-, testIndicatorDouble(org.apache.commons.math3.util.FastMathTest): String index out of range: 0-, testAtan2SpecialCases(org.apache.commons.math3.util.FastMathTest): String index out of range: 0-, testCbrtAccuracy(org.apache.commons.math3.util.FastMathTest): String index out of range: 0-, testAtan2(org.apache.commons.math3.util.FastMathTest): String index out of range: 0-, checkMissingFastMathClasses(org.apache.commons.math3.util.FastMathTest): String index out of range: 0-, testLogAccuracy(org.apache.commons.math3.util.FastMathTest): String index out of range: 0-, testLog1pSpecialCases(org.apache.commons.math3.util.FastMathTest): String index out of range: 0-, testAcosAccuracy(org.apache.commons.math3.util.FastMathTest): String index out of range: 0-, ...and 36 failures more]",,
48,9,true,171,false,46,"[testLogSpecialCases(org.apache.commons.math3.util.FastMathTest): String index out of range: 0-, testDoubleNextAfterSpecialCases(org.apache.commons.math3.util.FastMathTest): String index out of range: 0-, testIndicatorDouble(org.apache.commons.math3.util.FastMathTest): String index out of range: 0-, testAtan2SpecialCases(org.apache.commons.math3.util.FastMathTest): String index out of range: 0-, testCbrtAccuracy(org.apache.commons.math3.util.FastMathTest): String index out of range: 0-, testAtan2(org.apache.commons.math3.util.FastMathTest): String index out of range: 0-, checkMissingFastMathClasses(org.apache.commons.math3.util.FastMathTest): String index out of range: 0-, testLogAccuracy(org.apache.commons.math3.util.FastMathTest): String index out of range: 0-, testLog1pSpecialCases(org.apache.commons.math3.util.FastMathTest): String index out of range: 0-, testAcosAccuracy(org.apache.commons.math3.util.FastMathTest): String index out of range: 0-, ...and 36 failures more]",,,1,9222,9,false,46,"[testLogSpecialCases(org.apache.commons.math3.util.FastMathTest): String index out of range: 0-, testDoubleNextAfterSpecialCases(org.apache.commons.math3.util.FastMathTest): String index out of range: 0-, testIndicatorDouble(org.apache.commons.math3.util.FastMathTest): String index out of range: 0-, testAtan2SpecialCases(org.apache.commons.math3.util.FastMathTest): String index out of range: 0-, testCbrtAccuracy(org.apache.commons.math3.util.FastMathTest): String index out of range: 0-, testAtan2(org.apache.commons.math3.util.FastMathTest): String index out of range: 0-, checkMissingFastMathClasses(org.apache.commons.math3.util.FastMathTest): String index out of range: 0-, testLogAccuracy(org.apache.commons.math3.util.FastMathTest): String index out of range: 0-, testLog1pSpecialCases(org.apache.commons.math3.util.FastMathTest): String index out of range: 0-, testAcosAccuracy(org.apache.commons.math3.util.FastMathTest): String index out of range: 0-, ...and 36 failures more]",,
49,8,true,4476,false,2,"[testMath905LargePositive(org.apache.commons.math3.util.FastMathTest): expected:<0.0> but was:<Infinity>-, testMath905LargeNegative(org.apache.commons.math3.util.FastMathTest): expected:<0.0> but was:<Infinity>-]",,,1,9223,4147,false,2,"[testMath905LargePositive(org.apache.commons.math3.util.FastMathTest): expected:<0.0> but was:<Infinity>-, testMath905LargeNegative(org.apache.commons.math3.util.FastMathTest): expected:<0.0> but was:<Infinity>-]",,
50,8,true,4479,false,2,"[testMath905LargePositive(org.apache.commons.math3.util.FastMathTest): expected:<0.0> but was:<Infinity>-, testMath905LargeNegative(org.apache.commons.math3.util.FastMathTest): expected:<0.0> but was:<Infinity>-]",,,1,9202,4199,false,2,"[testMath905LargePositive(org.apache.commons.math3.util.FastMathTest): expected:<0.0> but was:<Infinity>-, testMath905LargeNegative(org.apache.commons.math3.util.FastMathTest): expected:<0.0> but was:<Infinity>-]",,
51,7,true,175,false,46,"[testLogSpecialCases(org.apache.commons.math3.util.FastMathTest): String index out of range: 0-, testDoubleNextAfterSpecialCases(org.apache.commons.math3.util.FastMathTest): String index out of range: 0-, testIndicatorDouble(org.apache.commons.math3.util.FastMathTest): String index out of range: 0-, testAtan2SpecialCases(org.apache.commons.math3.util.FastMathTest): String index out of range: 0-, testCbrtAccuracy(org.apache.commons.math3.util.FastMathTest): String index out of range: 0-, testAtan2(org.apache.commons.math3.util.FastMathTest): String index out of range: 0-, checkMissingFastMathClasses(org.apache.commons.math3.util.FastMathTest): String index out of range: 0-, testLogAccuracy(org.apache.commons.math3.util.FastMathTest): String index out of range: 0-, testLog1pSpecialCases(org.apache.commons.math3.util.FastMathTest): String index out of range: 0-, testAcosAccuracy(org.apache.commons.math3.util.FastMathTest): String index out of range: 0-, ...and 36 failures more]",,,1,9195,8,false,46,"[testLogSpecialCases(org.apache.commons.math3.util.FastMathTest): String index out of range: 0-, testDoubleNextAfterSpecialCases(org.apache.commons.math3.util.FastMathTest): String index out of range: 0-, testIndicatorDouble(org.apache.commons.math3.util.FastMathTest): String index out of range: 0-, testAtan2SpecialCases(org.apache.commons.math3.util.FastMathTest): String index out of range: 0-, testCbrtAccuracy(org.apache.commons.math3.util.FastMathTest): String index out of range: 0-, testAtan2(org.apache.commons.math3.util.FastMathTest): String index out of range: 0-, checkMissingFastMathClasses(org.apache.commons.math3.util.FastMathTest): String index out of range: 0-, testLogAccuracy(org.apache.commons.math3.util.FastMathTest): String index out of range: 0-, testLog1pSpecialCases(org.apache.commons.math3.util.FastMathTest): String index out of range: 0-, testAcosAccuracy(org.apache.commons.math3.util.FastMathTest): String index out of range: 0-, ...and 36 failures more]",,
52,7,true,217,false,46,"[testLogSpecialCases(org.apache.commons.math3.util.FastMathTest): String index out of range: 0-, testDoubleNextAfterSpecialCases(org.apache.commons.math3.util.FastMathTest): String index out of range: 0-, testIndicatorDouble(org.apache.commons.math3.util.FastMathTest): String index out of range: 0-, testAtan2SpecialCases(org.apache.commons.math3.util.FastMathTest): String index out of range: 0-, testCbrtAccuracy(org.apache.commons.math3.util.FastMathTest): String index out of range: 0-, testAtan2(org.apache.commons.math3.util.FastMathTest): String index out of range: 0-, checkMissingFastMathClasses(org.apache.commons.math3.util.FastMathTest): String index out of range: 0-, testLogAccuracy(org.apache.commons.math3.util.FastMathTest): String index out of range: 0-, testLog1pSpecialCases(org.apache.commons.math3.util.FastMathTest): String index out of range: 0-, testAcosAccuracy(org.apache.commons.math3.util.FastMathTest): String index out of range: 0-, ...and 36 failures more]",,,1,9195,8,false,46,"[testLogSpecialCases(org.apache.commons.math3.util.FastMathTest): String index out of range: 0-, testDoubleNextAfterSpecialCases(org.apache.commons.math3.util.FastMathTest): String index out of range: 0-, testIndicatorDouble(org.apache.commons.math3.util.FastMathTest): String index out of range: 0-, testAtan2SpecialCases(org.apache.commons.math3.util.FastMathTest): String index out of range: 0-, testCbrtAccuracy(org.apache.commons.math3.util.FastMathTest): String index out of range: 0-, testAtan2(org.apache.commons.math3.util.FastMathTest): String index out of range: 0-, checkMissingFastMathClasses(org.apache.commons.math3.util.FastMathTest): String index out of range: 0-, testLogAccuracy(org.apache.commons.math3.util.FastMathTest): String index out of range: 0-, testLog1pSpecialCases(org.apache.commons.math3.util.FastMathTest): String index out of range: 0-, testAcosAccuracy(org.apache.commons.math3.util.FastMathTest): String index out of range: 0-, ...and 36 failures more]",,
53,7,true,262,false,46,"[testLogSpecialCases(org.apache.commons.math3.util.FastMathTest): String index out of range: 0-, testDoubleNextAfterSpecialCases(org.apache.commons.math3.util.FastMathTest): String index out of range: 0-, testIndicatorDouble(org.apache.commons.math3.util.FastMathTest): String index out of range: 0-, testAtan2SpecialCases(org.apache.commons.math3.util.FastMathTest): String index out of range: 0-, testCbrtAccuracy(org.apache.commons.math3.util.FastMathTest): String index out of range: 0-, testAtan2(org.apache.commons.math3.util.FastMathTest): String index out of range: 0-, checkMissingFastMathClasses(org.apache.commons.math3.util.FastMathTest): String index out of range: 0-, testLogAccuracy(org.apache.commons.math3.util.FastMathTest): String index out of range: 0-, testLog1pSpecialCases(org.apache.commons.math3.util.FastMathTest): String index out of range: 0-, testAcosAccuracy(org.apache.commons.math3.util.FastMathTest): String index out of range: 0-, ...and 36 failures more]",,,1,9223,8,false,46,"[testLogSpecialCases(org.apache.commons.math3.util.FastMathTest): String index out of range: 0-, testDoubleNextAfterSpecialCases(org.apache.commons.math3.util.FastMathTest): String index out of range: 0-, testIndicatorDouble(org.apache.commons.math3.util.FastMathTest): String index out of range: 0-, testAtan2SpecialCases(org.apache.commons.math3.util.FastMathTest): String index out of range: 0-, testCbrtAccuracy(org.apache.commons.math3.util.FastMathTest): String index out of range: 0-, testAtan2(org.apache.commons.math3.util.FastMathTest): String index out of range: 0-, checkMissingFastMathClasses(org.apache.commons.math3.util.FastMathTest): String index out of range: 0-, testLogAccuracy(org.apache.commons.math3.util.FastMathTest): String index out of range: 0-, testLog1pSpecialCases(org.apache.commons.math3.util.FastMathTest): String index out of range: 0-, testAcosAccuracy(org.apache.commons.math3.util.FastMathTest): String index out of range: 0-, ...and 36 failures more]",,
54,7,true,321,false,19,"[testCbrtAccuracy(org.apache.commons.math3.util.FastMathTest): null-, testLogAccuracy(org.apache.commons.math3.util.FastMathTest): null-, testAcosAccuracy(org.apache.commons.math3.util.FastMathTest): null-, testTanhAccuracy(org.apache.commons.math3.util.FastMathTest): null-, testMath905LargePositive(org.apache.commons.math3.util.FastMathTest): expected:<0.0> but was:<Infinity>-, testMath905LargeNegative(org.apache.commons.math3.util.FastMathTest): expected:<0.0> but was:<Infinity>-, testTanAccuracy(org.apache.commons.math3.util.FastMathTest): null-, testSinAccuracy(org.apache.commons.math3.util.FastMathTest): null-, testAtan2Accuracy(org.apache.commons.math3.util.FastMathTest): null-, testExpm1Accuracy(org.apache.commons.math3.util.FastMathTest): null-, ...and 9 failures more]",,,1,9183,142,false,19,"[testCbrtAccuracy(org.apache.commons.math3.util.FastMathTest): null-, testLogAccuracy(org.apache.commons.math3.util.FastMathTest): null-, testAcosAccuracy(org.apache.commons.math3.util.FastMathTest): null-, testTanhAccuracy(org.apache.commons.math3.util.FastMathTest): null-, testMath905LargePositive(org.apache.commons.math3.util.FastMathTest): expected:<0.0> but was:<Infinity>-, testMath905LargeNegative(org.apache.commons.math3.util.FastMathTest): expected:<0.0> but was:<Infinity>-, testTanAccuracy(org.apache.commons.math3.util.FastMathTest): null-, testSinAccuracy(org.apache.commons.math3.util.FastMathTest): null-, testAtan2Accuracy(org.apache.commons.math3.util.FastMathTest): null-, testExpm1Accuracy(org.apache.commons.math3.util.FastMathTest): null-, ...and 9 failures more]",,
55,10,true,8388,false,19,"[testCbrtAccuracy(org.apache.commons.math3.util.FastMathTest): cbrt() had errors in excess of 0.51 ULP-, testLogAccuracy(org.apache.commons.math3.util.FastMathTest): log() had errors in excess of 0.51 ULP-, testAcosAccuracy(org.apache.commons.math3.util.FastMathTest): acos() had errors in excess of 0.51 ULP-, testTanhAccuracy(org.apache.commons.math3.util.FastMathTest): tanh() had errors in excess of 0.51 ULP-, testMath905LargePositive(org.apache.commons.math3.util.FastMathTest): expected:<0.0> but was:<Infinity>-, testMath905LargeNegative(org.apache.commons.math3.util.FastMathTest): expected:<0.0> but was:<Infinity>-, testTanAccuracy(org.apache.commons.math3.util.FastMathTest): tan() had errors in excess of 0.51 ULP-, testSinAccuracy(org.apache.commons.math3.util.FastMathTest): sin() had errors in excess of 0.51 ULP-, testAtan2Accuracy(org.apache.commons.math3.util.FastMathTest): atan2() had errors in excess of 0.51 ULP-, testExpm1Accuracy(org.apache.commons.math3.util.FastMathTest): expm1() had errors in excess of 0.51 ULP-, ...and 9 failures more]",,,2,9148,7975,false,19,"[testCbrtAccuracy(org.apache.commons.math3.util.FastMathTest): cbrt() had errors in excess of 0.51 ULP-, testLogAccuracy(org.apache.commons.math3.util.FastMathTest): log() had errors in excess of 0.51 ULP-, testAcosAccuracy(org.apache.commons.math3.util.FastMathTest): acos() had errors in excess of 0.51 ULP-, testTanhAccuracy(org.apache.commons.math3.util.FastMathTest): tanh() had errors in excess of 0.51 ULP-, testMath905LargePositive(org.apache.commons.math3.util.FastMathTest): expected:<0.0> but was:<Infinity>-, testMath905LargeNegative(org.apache.commons.math3.util.FastMathTest): expected:<0.0> but was:<Infinity>-, testTanAccuracy(org.apache.commons.math3.util.FastMathTest): tan() had errors in excess of 0.51 ULP-, testSinAccuracy(org.apache.commons.math3.util.FastMathTest): sin() had errors in excess of 0.51 ULP-, testAtan2Accuracy(org.apache.commons.math3.util.FastMathTest): atan2() had errors in excess of 0.51 ULP-, testExpm1Accuracy(org.apache.commons.math3.util.FastMathTest): expm1() had errors in excess of 0.51 ULP-, ...and 9 failures more]",,
56,7,true,4743,false,18,"[testCbrtAccuracy(org.apache.commons.math3.util.FastMathTest): cbrt() had errors in excess of 0.51 ULP-, testLogAccuracy(org.apache.commons.math3.util.FastMathTest): log() had errors in excess of 0.51 ULP-, testAcosAccuracy(org.apache.commons.math3.util.FastMathTest): acos() had errors in excess of 0.51 ULP-, testTanhAccuracy(org.apache.commons.math3.util.FastMathTest): tanh() had errors in excess of 0.51 ULP-, testMath905LargePositive(org.apache.commons.math3.util.FastMathTest): expected:<0.0> but was:<Infinity>-, testMath905LargeNegative(org.apache.commons.math3.util.FastMathTest): expected:<0.0> but was:<Infinity>-, testTanAccuracy(org.apache.commons.math3.util.FastMathTest): tan() had errors in excess of 0.51 ULP-, testSinAccuracy(org.apache.commons.math3.util.FastMathTest): sin() had errors in excess of 0.51 ULP-, testAtan2Accuracy(org.apache.commons.math3.util.FastMathTest): atan2() had errors in excess of 0.51 ULP-, testExpm1Accuracy(org.apache.commons.math3.util.FastMathTest): expm1() had errors in excess of 0.51 ULP-, ...and 8 failures more]",,,1,9215,4345,false,18,"[testCbrtAccuracy(org.apache.commons.math3.util.FastMathTest): cbrt() had errors in excess of 0.51 ULP-, testLogAccuracy(org.apache.commons.math3.util.FastMathTest): log() had errors in excess of 0.51 ULP-, testAcosAccuracy(org.apache.commons.math3.util.FastMathTest): acos() had errors in excess of 0.51 ULP-, testTanhAccuracy(org.apache.commons.math3.util.FastMathTest): tanh() had errors in excess of 0.51 ULP-, testMath905LargePositive(org.apache.commons.math3.util.FastMathTest): expected:<0.0> but was:<Infinity>-, testMath905LargeNegative(org.apache.commons.math3.util.FastMathTest): expected:<0.0> but was:<Infinity>-, testTanAccuracy(org.apache.commons.math3.util.FastMathTest): tan() had errors in excess of 0.51 ULP-, testSinAccuracy(org.apache.commons.math3.util.FastMathTest): sin() had errors in excess of 0.51 ULP-, testAtan2Accuracy(org.apache.commons.math3.util.FastMathTest): atan2() had errors in excess of 0.51 ULP-, testExpm1Accuracy(org.apache.commons.math3.util.FastMathTest): expm1() had errors in excess of 0.51 ULP-, ...and 8 failures more]",,
57,9,true,5076,false,18,"[testCbrtAccuracy(org.apache.commons.math3.util.FastMathTest): cbrt() had errors in excess of 0.51 ULP-, testLogAccuracy(org.apache.commons.math3.util.FastMathTest): log() had errors in excess of 0.51 ULP-, testAcosAccuracy(org.apache.commons.math3.util.FastMathTest): acos() had errors in excess of 0.51 ULP-, testTanhAccuracy(org.apache.commons.math3.util.FastMathTest): tanh() had errors in excess of 0.51 ULP-, testMath905LargePositive(org.apache.commons.math3.util.FastMathTest): expected:<0.0> but was:<Infinity>-, testMath905LargeNegative(org.apache.commons.math3.util.FastMathTest): expected:<0.0> but was:<Infinity>-, testTanAccuracy(org.apache.commons.math3.util.FastMathTest): tan() had errors in excess of 0.51 ULP-, testSinAccuracy(org.apache.commons.math3.util.FastMathTest): sin() had errors in excess of 0.51 ULP-, testAtan2Accuracy(org.apache.commons.math3.util.FastMathTest): atan2() had errors in excess of 0.51 ULP-, testExpm1Accuracy(org.apache.commons.math3.util.FastMathTest): expm1() had errors in excess of 0.51 ULP-, ...and 8 failures more]",,,1,9199,4710,false,18,"[testCbrtAccuracy(org.apache.commons.math3.util.FastMathTest): cbrt() had errors in excess of 0.51 ULP-, testLogAccuracy(org.apache.commons.math3.util.FastMathTest): log() had errors in excess of 0.51 ULP-, testAcosAccuracy(org.apache.commons.math3.util.FastMathTest): acos() had errors in excess of 0.51 ULP-, testTanhAccuracy(org.apache.commons.math3.util.FastMathTest): tanh() had errors in excess of 0.51 ULP-, testMath905LargePositive(org.apache.commons.math3.util.FastMathTest): expected:<0.0> but was:<Infinity>-, testMath905LargeNegative(org.apache.commons.math3.util.FastMathTest): expected:<0.0> but was:<Infinity>-, testTanAccuracy(org.apache.commons.math3.util.FastMathTest): tan() had errors in excess of 0.51 ULP-, testSinAccuracy(org.apache.commons.math3.util.FastMathTest): sin() had errors in excess of 0.51 ULP-, testAtan2Accuracy(org.apache.commons.math3.util.FastMathTest): atan2() had errors in excess of 0.51 ULP-, testExpm1Accuracy(org.apache.commons.math3.util.FastMathTest): expm1() had errors in excess of 0.51 ULP-, ...and 8 failures more]",,
58,7,true,8240,false,19,"[testCbrtAccuracy(org.apache.commons.math3.util.FastMathTest): cbrt() had errors in excess of 0.51 ULP-, testLogAccuracy(org.apache.commons.math3.util.FastMathTest): log() had errors in excess of 0.51 ULP-, testAcosAccuracy(org.apache.commons.math3.util.FastMathTest): acos() had errors in excess of 0.51 ULP-, testTanhAccuracy(org.apache.commons.math3.util.FastMathTest): tanh() had errors in excess of 0.51 ULP-, testMath905LargePositive(org.apache.commons.math3.util.FastMathTest): expected:<0.0> but was:<Infinity>-, testMath905LargeNegative(org.apache.commons.math3.util.FastMathTest): expected:<0.0> but was:<Infinity>-, testTanAccuracy(org.apache.commons.math3.util.FastMathTest): tan() had errors in excess of 0.51 ULP-, testSinAccuracy(org.apache.commons.math3.util.FastMathTest): sin() had errors in excess of 0.51 ULP-, testAtan2Accuracy(org.apache.commons.math3.util.FastMathTest): atan2() had errors in excess of 0.51 ULP-, testExpm1Accuracy(org.apache.commons.math3.util.FastMathTest): expm1() had errors in excess of 0.51 ULP-, ...and 9 failures more]",,,1,9188,7908,false,19,"[testCbrtAccuracy(org.apache.commons.math3.util.FastMathTest): cbrt() had errors in excess of 0.51 ULP-, testLogAccuracy(org.apache.commons.math3.util.FastMathTest): log() had errors in excess of 0.51 ULP-, testAcosAccuracy(org.apache.commons.math3.util.FastMathTest): acos() had errors in excess of 0.51 ULP-, testTanhAccuracy(org.apache.commons.math3.util.FastMathTest): tanh() had errors in excess of 0.51 ULP-, testMath905LargePositive(org.apache.commons.math3.util.FastMathTest): expected:<0.0> but was:<Infinity>-, testMath905LargeNegative(org.apache.commons.math3.util.FastMathTest): expected:<0.0> but was:<Infinity>-, testTanAccuracy(org.apache.commons.math3.util.FastMathTest): tan() had errors in excess of 0.51 ULP-, testSinAccuracy(org.apache.commons.math3.util.FastMathTest): sin() had errors in excess of 0.51 ULP-, testAtan2Accuracy(org.apache.commons.math3.util.FastMathTest): atan2() had errors in excess of 0.51 ULP-, testExpm1Accuracy(org.apache.commons.math3.util.FastMathTest): expm1() had errors in excess of 0.51 ULP-, ...and 9 failures more]",,
59,6,true,8252,false,19,"[testCbrtAccuracy(org.apache.commons.math3.util.FastMathTest): cbrt() had errors in excess of 0.51 ULP-, testLogAccuracy(org.apache.commons.math3.util.FastMathTest): log() had errors in excess of 0.51 ULP-, testAcosAccuracy(org.apache.commons.math3.util.FastMathTest): acos() had errors in excess of 0.51 ULP-, testTanhAccuracy(org.apache.commons.math3.util.FastMathTest): tanh() had errors in excess of 0.51 ULP-, testMath905LargePositive(org.apache.commons.math3.util.FastMathTest): expected:<0.0> but was:<Infinity>-, testMath905LargeNegative(org.apache.commons.math3.util.FastMathTest): expected:<0.0> but was:<Infinity>-, testTanAccuracy(org.apache.commons.math3.util.FastMathTest): tan() had errors in excess of 0.51 ULP-, testSinAccuracy(org.apache.commons.math3.util.FastMathTest): sin() had errors in excess of 0.51 ULP-, testAtan2Accuracy(org.apache.commons.math3.util.FastMathTest): atan2() had errors in excess of 0.51 ULP-, testExpm1Accuracy(org.apache.commons.math3.util.FastMathTest): expm1() had errors in excess of 0.51 ULP-, ...and 9 failures more]",,,1,9188,7919,false,19,"[testCbrtAccuracy(org.apache.commons.math3.util.FastMathTest): cbrt() had errors in excess of 0.51 ULP-, testLogAccuracy(org.apache.commons.math3.util.FastMathTest): log() had errors in excess of 0.51 ULP-, testAcosAccuracy(org.apache.commons.math3.util.FastMathTest): acos() had errors in excess of 0.51 ULP-, testTanhAccuracy(org.apache.commons.math3.util.FastMathTest): tanh() had errors in excess of 0.51 ULP-, testMath905LargePositive(org.apache.commons.math3.util.FastMathTest): expected:<0.0> but was:<Infinity>-, testMath905LargeNegative(org.apache.commons.math3.util.FastMathTest): expected:<0.0> but was:<Infinity>-, testTanAccuracy(org.apache.commons.math3.util.FastMathTest): tan() had errors in excess of 0.51 ULP-, testSinAccuracy(org.apache.commons.math3.util.FastMathTest): sin() had errors in excess of 0.51 ULP-, testAtan2Accuracy(org.apache.commons.math3.util.FastMathTest): atan2() had errors in excess of 0.51 ULP-, testExpm1Accuracy(org.apache.commons.math3.util.FastMathTest): expm1() had errors in excess of 0.51 ULP-, ...and 9 failures more]",,
60,7,true,8439,false,19,"[testCbrtAccuracy(org.apache.commons.math3.util.FastMathTest): cbrt() had errors in excess of 0.51 ULP-, testLogAccuracy(org.apache.commons.math3.util.FastMathTest): log() had errors in excess of 0.51 ULP-, testAcosAccuracy(org.apache.commons.math3.util.FastMathTest): acos() had errors in excess of 0.51 ULP-, testTanhAccuracy(org.apache.commons.math3.util.FastMathTest): tanh() had errors in excess of 0.51 ULP-, testMath905LargePositive(org.apache.commons.math3.util.FastMathTest): expected:<0.0> but was:<Infinity>-, testMath905LargeNegative(org.apache.commons.math3.util.FastMathTest): expected:<0.0> but was:<Infinity>-, testTanAccuracy(org.apache.commons.math3.util.FastMathTest): tan() had errors in excess of 0.51 ULP-, testSinAccuracy(org.apache.commons.math3.util.FastMathTest): sin() had errors in excess of 0.51 ULP-, testAtan2Accuracy(org.apache.commons.math3.util.FastMathTest): atan2() had errors in excess of 0.51 ULP-, testExpm1Accuracy(org.apache.commons.math3.util.FastMathTest): expm1() had errors in excess of 0.51 ULP-, ...and 9 failures more]",,,1,9219,7890,false,19,"[testCbrtAccuracy(org.apache.commons.math3.util.FastMathTest): cbrt() had errors in excess of 0.51 ULP-, testLogAccuracy(org.apache.commons.math3.util.FastMathTest): log() had errors in excess of 0.51 ULP-, testAcosAccuracy(org.apache.commons.math3.util.FastMathTest): acos() had errors in excess of 0.51 ULP-, testTanhAccuracy(org.apache.commons.math3.util.FastMathTest): tanh() had errors in excess of 0.51 ULP-, testMath905LargePositive(org.apache.commons.math3.util.FastMathTest): expected:<0.0> but was:<Infinity>-, testMath905LargeNegative(org.apache.commons.math3.util.FastMathTest): expected:<0.0> but was:<Infinity>-, testTanAccuracy(org.apache.commons.math3.util.FastMathTest): tan() had errors in excess of 0.51 ULP-, testSinAccuracy(org.apache.commons.math3.util.FastMathTest): sin() had errors in excess of 0.51 ULP-, testAtan2Accuracy(org.apache.commons.math3.util.FastMathTest): atan2() had errors in excess of 0.51 ULP-, testExpm1Accuracy(org.apache.commons.math3.util.FastMathTest): expm1() had errors in excess of 0.51 ULP-, ...and 9 failures more]",,
61,6,true,427,false,19,"[testCbrtAccuracy(org.apache.commons.math3.util.FastMathTest): null-, testLogAccuracy(org.apache.commons.math3.util.FastMathTest): null-, testAcosAccuracy(org.apache.commons.math3.util.FastMathTest): null-, testTanhAccuracy(org.apache.commons.math3.util.FastMathTest): null-, testMath905LargePositive(org.apache.commons.math3.util.FastMathTest): expected:<0.0> but was:<Infinity>-, testMath905LargeNegative(org.apache.commons.math3.util.FastMathTest): expected:<0.0> but was:<Infinity>-, testTanAccuracy(org.apache.commons.math3.util.FastMathTest): null-, testSinAccuracy(org.apache.commons.math3.util.FastMathTest): null-, testAtan2Accuracy(org.apache.commons.math3.util.FastMathTest): null-, testExpm1Accuracy(org.apache.commons.math3.util.FastMathTest): null-, ...and 9 failures more]",,,1,9188,143,false,19,"[testCbrtAccuracy(org.apache.commons.math3.util.FastMathTest): null-, testLogAccuracy(org.apache.commons.math3.util.FastMathTest): null-, testAcosAccuracy(org.apache.commons.math3.util.FastMathTest): null-, testTanhAccuracy(org.apache.commons.math3.util.FastMathTest): null-, testMath905LargePositive(org.apache.commons.math3.util.FastMathTest): expected:<0.0> but was:<Infinity>-, testMath905LargeNegative(org.apache.commons.math3.util.FastMathTest): expected:<0.0> but was:<Infinity>-, testTanAccuracy(org.apache.commons.math3.util.FastMathTest): null-, testSinAccuracy(org.apache.commons.math3.util.FastMathTest): null-, testAtan2Accuracy(org.apache.commons.math3.util.FastMathTest): null-, testExpm1Accuracy(org.apache.commons.math3.util.FastMathTest): null-, ...and 9 failures more]",,
62,7,true,6246,false,2,"[testMath905LargePositive(org.apache.commons.math3.util.FastMathTest): expected:<0.0> but was:<Infinity>-, testMath905LargeNegative(org.apache.commons.math3.util.FastMathTest): expected:<0.0> but was:<Infinity>-]",,,2,9208,5718,false,2,"[testMath905LargePositive(org.apache.commons.math3.util.FastMathTest): expected:<0.0> but was:<Infinity>-, testMath905LargeNegative(org.apache.commons.math3.util.FastMathTest): expected:<0.0> but was:<Infinity>-]",,
63,7,true,100,false,46,"[testLogSpecialCases(org.apache.commons.math3.util.FastMathTest): null-, testDoubleNextAfterSpecialCases(org.apache.commons.math3.util.FastMathTest): null-, testIndicatorDouble(org.apache.commons.math3.util.FastMathTest): null-, testAtan2SpecialCases(org.apache.commons.math3.util.FastMathTest): null-, testCbrtAccuracy(org.apache.commons.math3.util.FastMathTest): null-, testAtan2(org.apache.commons.math3.util.FastMathTest): null-, checkMissingFastMathClasses(org.apache.commons.math3.util.FastMathTest): null-, testLogAccuracy(org.apache.commons.math3.util.FastMathTest): null-, testLog1pSpecialCases(org.apache.commons.math3.util.FastMathTest): null-, testAcosAccuracy(org.apache.commons.math3.util.FastMathTest): null-, ...and 36 failures more]",,,1,8903,4131,false,2,"[testMath905LargePositive(org.apache.commons.math3.util.FastMathTest): expected:<0.0> but was:<Infinity>-, testMath905LargeNegative(org.apache.commons.math3.util.FastMathTest): expected:<0.0> but was:<Infinity>-]",,"process:[testLogSpecialCases(org.apache.commons.math3.util.FastMathTest): null-, testDoubleNextAfterSpecialCases(org.apache.commons.math3.util.FastMathTest): null-, testIndicatorDouble(org.apache.commons.math3.util.FastMathTest): null-, testAtan2SpecialCases(org.apache.commons.math3.util.FastMathTest): null-, testCbrtAccuracy(org.apache.commons.math3.util.FastMathTest): null-, testAtan2(org.apache.commons.math3.util.FastMathTest): null-, checkMissingFastMathClasses(org.apache.commons.math3.util.FastMathTest): null-, testLogAccuracy(org.apache.commons.math3.util.FastMathTest): null-, testLog1pSpecialCases(org.apache.commons.math3.util.FastMathTest): null-, testAcosAccuracy(org.apache.commons.math3.util.FastMathTest): null-, ...and 36 failures more]hotswap:[testMath905LargePositive(org.apache.commons.math3.util.FastMathTest): expected:<0.0> but was:<Infinity>-, testMath905LargeNegative(org.apache.commons.math3.util.FastMathTest): expected:<0.0> but was:<Infinity>-]"
64,6,true,94,false,46,"[testLogSpecialCases(org.apache.commons.math3.util.FastMathTest): null-, testDoubleNextAfterSpecialCases(org.apache.commons.math3.util.FastMathTest): null-, testIndicatorDouble(org.apache.commons.math3.util.FastMathTest): null-, testAtan2SpecialCases(org.apache.commons.math3.util.FastMathTest): null-, testCbrtAccuracy(org.apache.commons.math3.util.FastMathTest): null-, testAtan2(org.apache.commons.math3.util.FastMathTest): null-, checkMissingFastMathClasses(org.apache.commons.math3.util.FastMathTest): null-, testLogAccuracy(org.apache.commons.math3.util.FastMathTest): null-, testLog1pSpecialCases(org.apache.commons.math3.util.FastMathTest): null-, testAcosAccuracy(org.apache.commons.math3.util.FastMathTest): null-, ...and 36 failures more]",,,1,8903,4134,false,2,"[testMath905LargePositive(org.apache.commons.math3.util.FastMathTest): expected:<0.0> but was:<Infinity>-, testMath905LargeNegative(org.apache.commons.math3.util.FastMathTest): expected:<0.0> but was:<Infinity>-]",,"process:[testLogSpecialCases(org.apache.commons.math3.util.FastMathTest): null-, testDoubleNextAfterSpecialCases(org.apache.commons.math3.util.FastMathTest): null-, testIndicatorDouble(org.apache.commons.math3.util.FastMathTest): null-, testAtan2SpecialCases(org.apache.commons.math3.util.FastMathTest): null-, testCbrtAccuracy(org.apache.commons.math3.util.FastMathTest): null-, testAtan2(org.apache.commons.math3.util.FastMathTest): null-, checkMissingFastMathClasses(org.apache.commons.math3.util.FastMathTest): null-, testLogAccuracy(org.apache.commons.math3.util.FastMathTest): null-, testLog1pSpecialCases(org.apache.commons.math3.util.FastMathTest): null-, testAcosAccuracy(org.apache.commons.math3.util.FastMathTest): null-, ...and 36 failures more]hotswap:[testMath905LargePositive(org.apache.commons.math3.util.FastMathTest): expected:<0.0> but was:<Infinity>-, testMath905LargeNegative(org.apache.commons.math3.util.FastMathTest): expected:<0.0> but was:<Infinity>-]"
65,6,true,1457,false,4,"[testLogAccuracy(org.apache.commons.math3.util.FastMathTest): log() had errors in excess of 0.51 ULP-, testMath905LargePositive(org.apache.commons.math3.util.FastMathTest): expected:<0.0> but was:<Infinity>-, testMath905LargeNegative(org.apache.commons.math3.util.FastMathTest): expected:<0.0> but was:<Infinity>-, testLog10Accuracy(org.apache.commons.math3.util.FastMathTest): log10() had errors in excess of 0.51 ULP-]",,,0,2230,2004,false,4,"[testLogAccuracy(org.apache.commons.math3.util.FastMathTest): log() had errors in excess of 0.51 ULP-, testMath905LargePositive(org.apache.commons.math3.util.FastMathTest): expected:<0.0> but was:<Infinity>-, testMath905LargeNegative(org.apache.commons.math3.util.FastMathTest): expected:<0.0> but was:<Infinity>-, testLog10Accuracy(org.apache.commons.math3.util.FastMathTest): log10() had errors in excess of 0.51 ULP-]",,
66,6,true,300,false,46,"[testLogSpecialCases(org.apache.commons.math3.util.FastMathTest): null-, testDoubleNextAfterSpecialCases(org.apache.commons.math3.util.FastMathTest): null-, testIndicatorDouble(org.apache.commons.math3.util.FastMathTest): null-, testAtan2SpecialCases(org.apache.commons.math3.util.FastMathTest): null-, testCbrtAccuracy(org.apache.commons.math3.util.FastMathTest): null-, testAtan2(org.apache.commons.math3.util.FastMathTest): null-, checkMissingFastMathClasses(org.apache.commons.math3.util.FastMathTest): null-, testLogAccuracy(org.apache.commons.math3.util.FastMathTest): null-, testLog1pSpecialCases(org.apache.commons.math3.util.FastMathTest): null-, testAcosAccuracy(org.apache.commons.math3.util.FastMathTest): null-, ...and 36 failures more]",,,1,1707,104,false,46,"[testLogSpecialCases(org.apache.commons.math3.util.FastMathTest): null-, testDoubleNextAfterSpecialCases(org.apache.commons.math3.util.FastMathTest): null-, testIndicatorDouble(org.apache.commons.math3.util.FastMathTest): null-, testAtan2SpecialCases(org.apache.commons.math3.util.FastMathTest): null-, testCbrtAccuracy(org.apache.commons.math3.util.FastMathTest): null-, testAtan2(org.apache.commons.math3.util.FastMathTest): null-, checkMissingFastMathClasses(org.apache.commons.math3.util.FastMathTest): null-, testLogAccuracy(org.apache.commons.math3.util.FastMathTest): null-, testLog1pSpecialCases(org.apache.commons.math3.util.FastMathTest): null-, testAcosAccuracy(org.apache.commons.math3.util.FastMathTest): null-, ...and 36 failures more]",,
67,6,true,4590,false,2,"[testMath905LargePositive(org.apache.commons.math3.util.FastMathTest): expected:<0.0> but was:<Infinity>-, testMath905LargeNegative(org.apache.commons.math3.util.FastMathTest): expected:<0.0> but was:<Infinity>-]",,,1,2228,3989,false,2,"[testMath905LargePositive(org.apache.commons.math3.util.FastMathTest): expected:<0.0> but was:<Infinity>-, testMath905LargeNegative(org.apache.commons.math3.util.FastMathTest): expected:<0.0> but was:<Infinity>-]",,
68,6,true,4588,false,2,"[testMath905LargePositive(org.apache.commons.math3.util.FastMathTest): expected:<0.0> but was:<Infinity>-, testMath905LargeNegative(org.apache.commons.math3.util.FastMathTest): expected:<0.0> but was:<Infinity>-]",,,1,2228,4000,false,2,"[testMath905LargePositive(org.apache.commons.math3.util.FastMathTest): expected:<0.0> but was:<Infinity>-, testMath905LargeNegative(org.apache.commons.math3.util.FastMathTest): expected:<0.0> but was:<Infinity>-]",,
69,6,true,4566,false,2,"[testMath905LargePositive(org.apache.commons.math3.util.FastMathTest): expected:<0.0> but was:<Infinity>-, testMath905LargeNegative(org.apache.commons.math3.util.FastMathTest): expected:<0.0> but was:<Infinity>-]",,,1,2243,3973,false,2,"[testMath905LargePositive(org.apache.commons.math3.util.FastMathTest): expected:<0.0> but was:<Infinity>-, testMath905LargeNegative(org.apache.commons.math3.util.FastMathTest): expected:<0.0> but was:<Infinity>-]",,
70,5,true,4459,false,2,"[testMath905LargePositive(org.apache.commons.math3.util.FastMathTest): expected:<0.0> but was:<Infinity>-, testMath905LargeNegative(org.apache.commons.math3.util.FastMathTest): expected:<0.0> but was:<Infinity>-]",,,1,1973,3972,false,2,"[testMath905LargePositive(org.apache.commons.math3.util.FastMathTest): expected:<0.0> but was:<Infinity>-, testMath905LargeNegative(org.apache.commons.math3.util.FastMathTest): expected:<0.0> but was:<Infinity>-]",,
71,6,true,4517,false,2,"[testMath905LargePositive(org.apache.commons.math3.util.FastMathTest): expected:<0.0> but was:<Infinity>-, testMath905LargeNegative(org.apache.commons.math3.util.FastMathTest): expected:<0.0> but was:<Infinity>-]",,,1,2241,3972,false,2,"[testMath905LargePositive(org.apache.commons.math3.util.FastMathTest): expected:<0.0> but was:<Infinity>-, testMath905LargeNegative(org.apache.commons.math3.util.FastMathTest): expected:<0.0> but was:<Infinity>-]",,
72,5,true,4475,false,2,"[testMath905LargePositive(org.apache.commons.math3.util.FastMathTest): expected:<0.0> but was:<Infinity>-, testMath905LargeNegative(org.apache.commons.math3.util.FastMathTest): expected:<0.0> but was:<Infinity>-]",,,1,2255,3981,false,2,"[testMath905LargePositive(org.apache.commons.math3.util.FastMathTest): expected:<0.0> but was:<Infinity>-, testMath905LargeNegative(org.apache.commons.math3.util.FastMathTest): expected:<0.0> but was:<Infinity>-]",,
73,6,true,4458,false,2,"[testMath905LargePositive(org.apache.commons.math3.util.FastMathTest): expected:<0.0> but was:<Infinity>-, testMath905LargeNegative(org.apache.commons.math3.util.FastMathTest): expected:<0.0> but was:<Infinity>-]",,,1,2255,3972,false,2,"[testMath905LargePositive(org.apache.commons.math3.util.FastMathTest): expected:<0.0> but was:<Infinity>-, testMath905LargeNegative(org.apache.commons.math3.util.FastMathTest): expected:<0.0> but was:<Infinity>-]",,
74,6,true,4510,false,2,"[testMath905LargePositive(org.apache.commons.math3.util.FastMathTest): expected:<0.0> but was:<Infinity>-, testMath905LargeNegative(org.apache.commons.math3.util.FastMathTest): expected:<0.0> but was:<Infinity>-]",,,1,2247,4009,false,2,"[testMath905LargePositive(org.apache.commons.math3.util.FastMathTest): expected:<0.0> but was:<Infinity>-, testMath905LargeNegative(org.apache.commons.math3.util.FastMathTest): expected:<0.0> but was:<Infinity>-]",,
75,6,true,246,false,46,"[testLogSpecialCases(org.apache.commons.math3.util.FastMathTest): 624-, testDoubleNextAfterSpecialCases(org.apache.commons.math3.util.FastMathTest): 624-, testIndicatorDouble(org.apache.commons.math3.util.FastMathTest): 624-, testAtan2SpecialCases(org.apache.commons.math3.util.FastMathTest): 624-, testCbrtAccuracy(org.apache.commons.math3.util.FastMathTest): 624-, testAtan2(org.apache.commons.math3.util.FastMathTest): 624-, checkMissingFastMathClasses(org.apache.commons.math3.util.FastMathTest): 624-, testLogAccuracy(org.apache.commons.math3.util.FastMathTest): 624-, testLog1pSpecialCases(org.apache.commons.math3.util.FastMathTest): 624-, testAcosAccuracy(org.apache.commons.math3.util.FastMathTest): 624-, ...and 36 failures more]",,,1,2223,12,false,46,"[testLogSpecialCases(org.apache.commons.math3.util.FastMathTest): 624-, testDoubleNextAfterSpecialCases(org.apache.commons.math3.util.FastMathTest): 624-, testIndicatorDouble(org.apache.commons.math3.util.FastMathTest): 624-, testAtan2SpecialCases(org.apache.commons.math3.util.FastMathTest): 624-, testCbrtAccuracy(org.apache.commons.math3.util.FastMathTest): 624-, testAtan2(org.apache.commons.math3.util.FastMathTest): 624-, checkMissingFastMathClasses(org.apache.commons.math3.util.FastMathTest): 624-, testLogAccuracy(org.apache.commons.math3.util.FastMathTest): 624-, testLog1pSpecialCases(org.apache.commons.math3.util.FastMathTest): 624-, testAcosAccuracy(org.apache.commons.math3.util.FastMathTest): 624-, ...and 36 failures more]",,
76,6,true,190,false,46,"[testLogSpecialCases(org.apache.commons.math3.util.FastMathTest): 624-, testDoubleNextAfterSpecialCases(org.apache.commons.math3.util.FastMathTest): 624-, testIndicatorDouble(org.apache.commons.math3.util.FastMathTest): 624-, testAtan2SpecialCases(org.apache.commons.math3.util.FastMathTest): 624-, testCbrtAccuracy(org.apache.commons.math3.util.FastMathTest): 624-, testAtan2(org.apache.commons.math3.util.FastMathTest): 624-, checkMissingFastMathClasses(org.apache.commons.math3.util.FastMathTest): 624-, testLogAccuracy(org.apache.commons.math3.util.FastMathTest): 624-, testLog1pSpecialCases(org.apache.commons.math3.util.FastMathTest): 624-, testAcosAccuracy(org.apache.commons.math3.util.FastMathTest): 624-, ...and 36 failures more]",,,1,2223,10,false,46,"[testLogSpecialCases(org.apache.commons.math3.util.FastMathTest): 624-, testDoubleNextAfterSpecialCases(org.apache.commons.math3.util.FastMathTest): 624-, testIndicatorDouble(org.apache.commons.math3.util.FastMathTest): 624-, testAtan2SpecialCases(org.apache.commons.math3.util.FastMathTest): 624-, testCbrtAccuracy(org.apache.commons.math3.util.FastMathTest): 624-, testAtan2(org.apache.commons.math3.util.FastMathTest): 624-, checkMissingFastMathClasses(org.apache.commons.math3.util.FastMathTest): 624-, testLogAccuracy(org.apache.commons.math3.util.FastMathTest): 624-, testLog1pSpecialCases(org.apache.commons.math3.util.FastMathTest): 624-, testAcosAccuracy(org.apache.commons.math3.util.FastMathTest): 624-, ...and 36 failures more]",,
77,6,true,4491,false,2,"[testMath905LargePositive(org.apache.commons.math3.util.FastMathTest): expected:<0.0> but was:<Infinity>-, testMath905LargeNegative(org.apache.commons.math3.util.FastMathTest): expected:<0.0> but was:<Infinity>-]",,,1,2240,3952,false,2,"[testMath905LargePositive(org.apache.commons.math3.util.FastMathTest): expected:<0.0> but was:<Infinity>-, testMath905LargeNegative(org.apache.commons.math3.util.FastMathTest): expected:<0.0> but was:<Infinity>-]",,
78,6,true,209,false,46,"[testLogSpecialCases(org.apache.commons.math3.util.FastMathTest): 624-, testDoubleNextAfterSpecialCases(org.apache.commons.math3.util.FastMathTest): 624-, testIndicatorDouble(org.apache.commons.math3.util.FastMathTest): 624-, testAtan2SpecialCases(org.apache.commons.math3.util.FastMathTest): 624-, testCbrtAccuracy(org.apache.commons.math3.util.FastMathTest): 624-, testAtan2(org.apache.commons.math3.util.FastMathTest): 624-, checkMissingFastMathClasses(org.apache.commons.math3.util.FastMathTest): 624-, testLogAccuracy(org.apache.commons.math3.util.FastMathTest): 624-, testLog1pSpecialCases(org.apache.commons.math3.util.FastMathTest): 624-, testAcosAccuracy(org.apache.commons.math3.util.FastMathTest): 624-, ...and 36 failures more]",,,1,2252,10,false,46,"[testLogSpecialCases(org.apache.commons.math3.util.FastMathTest): 624-, testDoubleNextAfterSpecialCases(org.apache.commons.math3.util.FastMathTest): 624-, testIndicatorDouble(org.apache.commons.math3.util.FastMathTest): 624-, testAtan2SpecialCases(org.apache.commons.math3.util.FastMathTest): 624-, testCbrtAccuracy(org.apache.commons.math3.util.FastMathTest): 624-, testAtan2(org.apache.commons.math3.util.FastMathTest): 624-, checkMissingFastMathClasses(org.apache.commons.math3.util.FastMathTest): 624-, testLogAccuracy(org.apache.commons.math3.util.FastMathTest): 624-, testLog1pSpecialCases(org.apache.commons.math3.util.FastMathTest): 624-, testAcosAccuracy(org.apache.commons.math3.util.FastMathTest): 624-, ...and 36 failures more]",,
79,6,true,4493,false,2,"[testMath905LargePositive(org.apache.commons.math3.util.FastMathTest): expected:<0.0> but was:<Infinity>-, testMath905LargeNegative(org.apache.commons.math3.util.FastMathTest): expected:<0.0> but was:<Infinity>-]",,,1,2248,3978,false,2,"[testMath905LargePositive(org.apache.commons.math3.util.FastMathTest): expected:<0.0> but was:<Infinity>-, testMath905LargeNegative(org.apache.commons.math3.util.FastMathTest): expected:<0.0> but was:<Infinity>-]",,
80,5,true,216,false,46,"[testLogSpecialCases(org.apache.commons.math3.util.FastMathTest): 2-, testDoubleNextAfterSpecialCases(org.apache.commons.math3.util.FastMathTest): 2-, testIndicatorDouble(org.apache.commons.math3.util.FastMathTest): 2-, testAtan2SpecialCases(org.apache.commons.math3.util.FastMathTest): 2-, testCbrtAccuracy(org.apache.commons.math3.util.FastMathTest): 2-, testAtan2(org.apache.commons.math3.util.FastMathTest): 2-, checkMissingFastMathClasses(org.apache.commons.math3.util.FastMathTest): 2-, testLogAccuracy(org.apache.commons.math3.util.FastMathTest): 2-, testLog1pSpecialCases(org.apache.commons.math3.util.FastMathTest): 2-, testAcosAccuracy(org.apache.commons.math3.util.FastMathTest): 2-, ...and 36 failures more]",,,1,2242,9,false,46,"[testLogSpecialCases(org.apache.commons.math3.util.FastMathTest): 2-, testDoubleNextAfterSpecialCases(org.apache.commons.math3.util.FastMathTest): 2-, testIndicatorDouble(org.apache.commons.math3.util.FastMathTest): 2-, testAtan2SpecialCases(org.apache.commons.math3.util.FastMathTest): 2-, testCbrtAccuracy(org.apache.commons.math3.util.FastMathTest): 2-, testAtan2(org.apache.commons.math3.util.FastMathTest): 2-, checkMissingFastMathClasses(org.apache.commons.math3.util.FastMathTest): 2-, testLogAccuracy(org.apache.commons.math3.util.FastMathTest): 2-, testLog1pSpecialCases(org.apache.commons.math3.util.FastMathTest): 2-, testAcosAccuracy(org.apache.commons.math3.util.FastMathTest): 2-, ...and 36 failures more]",,
81,5,true,188,false,46,"[testLogSpecialCases(org.apache.commons.math3.util.FastMathTest): 2-, testDoubleNextAfterSpecialCases(org.apache.commons.math3.util.FastMathTest): 2-, testIndicatorDouble(org.apache.commons.math3.util.FastMathTest): 2-, testAtan2SpecialCases(org.apache.commons.math3.util.FastMathTest): 2-, testCbrtAccuracy(org.apache.commons.math3.util.FastMathTest): 2-, testAtan2(org.apache.commons.math3.util.FastMathTest): 2-, checkMissingFastMathClasses(org.apache.commons.math3.util.FastMathTest): 2-, testLogAccuracy(org.apache.commons.math3.util.FastMathTest): 2-, testLog1pSpecialCases(org.apache.commons.math3.util.FastMathTest): 2-, testAcosAccuracy(org.apache.commons.math3.util.FastMathTest): 2-, ...and 36 failures more]",,,1,2242,8,false,46,"[testLogSpecialCases(org.apache.commons.math3.util.FastMathTest): 2-, testDoubleNextAfterSpecialCases(org.apache.commons.math3.util.FastMathTest): 2-, testIndicatorDouble(org.apache.commons.math3.util.FastMathTest): 2-, testAtan2SpecialCases(org.apache.commons.math3.util.FastMathTest): 2-, testCbrtAccuracy(org.apache.commons.math3.util.FastMathTest): 2-, testAtan2(org.apache.commons.math3.util.FastMathTest): 2-, checkMissingFastMathClasses(org.apache.commons.math3.util.FastMathTest): 2-, testLogAccuracy(org.apache.commons.math3.util.FastMathTest): 2-, testLog1pSpecialCases(org.apache.commons.math3.util.FastMathTest): 2-, testAcosAccuracy(org.apache.commons.math3.util.FastMathTest): 2-, ...and 36 failures more]",,
82,6,true,189,false,46,"[testLogSpecialCases(org.apache.commons.math3.util.FastMathTest): 2-, testDoubleNextAfterSpecialCases(org.apache.commons.math3.util.FastMathTest): 2-, testIndicatorDouble(org.apache.commons.math3.util.FastMathTest): 2-, testAtan2SpecialCases(org.apache.commons.math3.util.FastMathTest): 2-, testCbrtAccuracy(org.apache.commons.math3.util.FastMathTest): 2-, testAtan2(org.apache.commons.math3.util.FastMathTest): 2-, checkMissingFastMathClasses(org.apache.commons.math3.util.FastMathTest): 2-, testLogAccuracy(org.apache.commons.math3.util.FastMathTest): 2-, testLog1pSpecialCases(org.apache.commons.math3.util.FastMathTest): 2-, testAcosAccuracy(org.apache.commons.math3.util.FastMathTest): 2-, ...and 36 failures more]",,,1,2252,8,false,46,"[testLogSpecialCases(org.apache.commons.math3.util.FastMathTest): 2-, testDoubleNextAfterSpecialCases(org.apache.commons.math3.util.FastMathTest): 2-, testIndicatorDouble(org.apache.commons.math3.util.FastMathTest): 2-, testAtan2SpecialCases(org.apache.commons.math3.util.FastMathTest): 2-, testCbrtAccuracy(org.apache.commons.math3.util.FastMathTest): 2-, testAtan2(org.apache.commons.math3.util.FastMathTest): 2-, checkMissingFastMathClasses(org.apache.commons.math3.util.FastMathTest): 2-, testLogAccuracy(org.apache.commons.math3.util.FastMathTest): 2-, testLog1pSpecialCases(org.apache.commons.math3.util.FastMathTest): 2-, testAcosAccuracy(org.apache.commons.math3.util.FastMathTest): 2-, ...and 36 failures more]",,
83,5,true,4459,false,2,"[testMath905LargePositive(org.apache.commons.math3.util.FastMathTest): expected:<0.0> but was:<Infinity>-, testMath905LargeNegative(org.apache.commons.math3.util.FastMathTest): expected:<0.0> but was:<Infinity>-]",,,1,2070,3962,false,2,"[testMath905LargePositive(org.apache.commons.math3.util.FastMathTest): expected:<0.0> but was:<Infinity>-, testMath905LargeNegative(org.apache.commons.math3.util.FastMathTest): expected:<0.0> but was:<Infinity>-]",,
84,7,true,4462,false,2,"[testMath905LargePositive(org.apache.commons.math3.util.FastMathTest): expected:<0.0> but was:<Infinity>-, testMath905LargeNegative(org.apache.commons.math3.util.FastMathTest): expected:<0.0> but was:<Infinity>-]",,,1,2241,3978,false,2,"[testMath905LargePositive(org.apache.commons.math3.util.FastMathTest): expected:<0.0> but was:<Infinity>-, testMath905LargeNegative(org.apache.commons.math3.util.FastMathTest): expected:<0.0> but was:<Infinity>-]",,
85,7,true,4459,false,2,"[testMath905LargePositive(org.apache.commons.math3.util.FastMathTest): expected:<0.0> but was:<Infinity>-, testMath905LargeNegative(org.apache.commons.math3.util.FastMathTest): expected:<0.0> but was:<Infinity>-]",,,1,2251,3966,false,2,"[testMath905LargePositive(org.apache.commons.math3.util.FastMathTest): expected:<0.0> but was:<Infinity>-, testMath905LargeNegative(org.apache.commons.math3.util.FastMathTest): expected:<0.0> but was:<Infinity>-]",,
86,6,true,4469,false,2,"[testMath905LargePositive(org.apache.commons.math3.util.FastMathTest): expected:<0.0> but was:<Infinity>-, testMath905LargeNegative(org.apache.commons.math3.util.FastMathTest): expected:<0.0> but was:<Infinity>-]",,,1,2247,3973,false,2,"[testMath905LargePositive(org.apache.commons.math3.util.FastMathTest): expected:<0.0> but was:<Infinity>-, testMath905LargeNegative(org.apache.commons.math3.util.FastMathTest): expected:<0.0> but was:<Infinity>-]",,
87,7,true,194,false,46,"[testLogSpecialCases(org.apache.commons.math3.util.FastMathTest): 624-, testDoubleNextAfterSpecialCases(org.apache.commons.math3.util.FastMathTest): 624-, testIndicatorDouble(org.apache.commons.math3.util.FastMathTest): 624-, testAtan2SpecialCases(org.apache.commons.math3.util.FastMathTest): 624-, testCbrtAccuracy(org.apache.commons.math3.util.FastMathTest): 624-, testAtan2(org.apache.commons.math3.util.FastMathTest): 624-, checkMissingFastMathClasses(org.apache.commons.math3.util.FastMathTest): 624-, testLogAccuracy(org.apache.commons.math3.util.FastMathTest): 624-, testLog1pSpecialCases(org.apache.commons.math3.util.FastMathTest): 624-, testAcosAccuracy(org.apache.commons.math3.util.FastMathTest): 624-, ...and 36 failures more]",,,1,2223,10,false,46,"[testLogSpecialCases(org.apache.commons.math3.util.FastMathTest): 624-, testDoubleNextAfterSpecialCases(org.apache.commons.math3.util.FastMathTest): 624-, testIndicatorDouble(org.apache.commons.math3.util.FastMathTest): 624-, testAtan2SpecialCases(org.apache.commons.math3.util.FastMathTest): 624-, testCbrtAccuracy(org.apache.commons.math3.util.FastMathTest): 624-, testAtan2(org.apache.commons.math3.util.FastMathTest): 624-, checkMissingFastMathClasses(org.apache.commons.math3.util.FastMathTest): 624-, testLogAccuracy(org.apache.commons.math3.util.FastMathTest): 624-, testLog1pSpecialCases(org.apache.commons.math3.util.FastMathTest): 624-, testAcosAccuracy(org.apache.commons.math3.util.FastMathTest): 624-, ...and 36 failures more]",,
88,6,true,212,false,46,"[testLogSpecialCases(org.apache.commons.math3.util.FastMathTest): 624-, testDoubleNextAfterSpecialCases(org.apache.commons.math3.util.FastMathTest): 624-, testIndicatorDouble(org.apache.commons.math3.util.FastMathTest): 624-, testAtan2SpecialCases(org.apache.commons.math3.util.FastMathTest): 624-, testCbrtAccuracy(org.apache.commons.math3.util.FastMathTest): 624-, testAtan2(org.apache.commons.math3.util.FastMathTest): 624-, checkMissingFastMathClasses(org.apache.commons.math3.util.FastMathTest): 624-, testLogAccuracy(org.apache.commons.math3.util.FastMathTest): 624-, testLog1pSpecialCases(org.apache.commons.math3.util.FastMathTest): 624-, testAcosAccuracy(org.apache.commons.math3.util.FastMathTest): 624-, ...and 36 failures more]",,,1,2223,10,false,46,"[testLogSpecialCases(org.apache.commons.math3.util.FastMathTest): 624-, testDoubleNextAfterSpecialCases(org.apache.commons.math3.util.FastMathTest): 624-, testIndicatorDouble(org.apache.commons.math3.util.FastMathTest): 624-, testAtan2SpecialCases(org.apache.commons.math3.util.FastMathTest): 624-, testCbrtAccuracy(org.apache.commons.math3.util.FastMathTest): 624-, testAtan2(org.apache.commons.math3.util.FastMathTest): 624-, checkMissingFastMathClasses(org.apache.commons.math3.util.FastMathTest): 624-, testLogAccuracy(org.apache.commons.math3.util.FastMathTest): 624-, testLog1pSpecialCases(org.apache.commons.math3.util.FastMathTest): 624-, testAcosAccuracy(org.apache.commons.math3.util.FastMathTest): 624-, ...and 36 failures more]",,
89,6,true,4575,false,2,"[testMath905LargePositive(org.apache.commons.math3.util.FastMathTest): expected:<0.0> but was:<Infinity>-, testMath905LargeNegative(org.apache.commons.math3.util.FastMathTest): expected:<0.0> but was:<Infinity>-]",,,1,2240,4001,false,2,"[testMath905LargePositive(org.apache.commons.math3.util.FastMathTest): expected:<0.0> but was:<Infinity>-, testMath905LargeNegative(org.apache.commons.math3.util.FastMathTest): expected:<0.0> but was:<Infinity>-]",,
90,7,true,243,false,46,"[testLogSpecialCases(org.apache.commons.math3.util.FastMathTest): 624-, testDoubleNextAfterSpecialCases(org.apache.commons.math3.util.FastMathTest): 624-, testIndicatorDouble(org.apache.commons.math3.util.FastMathTest): 624-, testAtan2SpecialCases(org.apache.commons.math3.util.FastMathTest): 624-, testCbrtAccuracy(org.apache.commons.math3.util.FastMathTest): 624-, testAtan2(org.apache.commons.math3.util.FastMathTest): 624-, checkMissingFastMathClasses(org.apache.commons.math3.util.FastMathTest): 624-, testLogAccuracy(org.apache.commons.math3.util.FastMathTest): 624-, testLog1pSpecialCases(org.apache.commons.math3.util.FastMathTest): 624-, testAcosAccuracy(org.apache.commons.math3.util.FastMathTest): 624-, ...and 36 failures more]",,,1,2252,10,false,46,"[testLogSpecialCases(org.apache.commons.math3.util.FastMathTest): 624-, testDoubleNextAfterSpecialCases(org.apache.commons.math3.util.FastMathTest): 624-, testIndicatorDouble(org.apache.commons.math3.util.FastMathTest): 624-, testAtan2SpecialCases(org.apache.commons.math3.util.FastMathTest): 624-, testCbrtAccuracy(org.apache.commons.math3.util.FastMathTest): 624-, testAtan2(org.apache.commons.math3.util.FastMathTest): 624-, checkMissingFastMathClasses(org.apache.commons.math3.util.FastMathTest): 624-, testLogAccuracy(org.apache.commons.math3.util.FastMathTest): 624-, testLog1pSpecialCases(org.apache.commons.math3.util.FastMathTest): 624-, testAcosAccuracy(org.apache.commons.math3.util.FastMathTest): 624-, ...and 36 failures more]",,
91,6,true,4496,false,2,"[testMath905LargePositive(org.apache.commons.math3.util.FastMathTest): expected:<0.0> but was:<Infinity>-, testMath905LargeNegative(org.apache.commons.math3.util.FastMathTest): expected:<0.0> but was:<Infinity>-]",,,1,2246,3996,false,2,"[testMath905LargePositive(org.apache.commons.math3.util.FastMathTest): expected:<0.0> but was:<Infinity>-, testMath905LargeNegative(org.apache.commons.math3.util.FastMathTest): expected:<0.0> but was:<Infinity>-]",,
92,6,true,4481,false,2,"[testMath905LargePositive(org.apache.commons.math3.util.FastMathTest): expected:<0.0> but was:<Infinity>-, testMath905LargeNegative(org.apache.commons.math3.util.FastMathTest): expected:<0.0> but was:<Infinity>-]",,,1,2250,3976,false,2,"[testMath905LargePositive(org.apache.commons.math3.util.FastMathTest): expected:<0.0> but was:<Infinity>-, testMath905LargeNegative(org.apache.commons.math3.util.FastMathTest): expected:<0.0> but was:<Infinity>-]",,
93,24,true,4495,false,2,"[testMath905LargePositive(org.apache.commons.math3.util.FastMathTest): expected:<0.0> but was:<NaN>-, testMath905LargeNegative(org.apache.commons.math3.util.FastMathTest): expected:<0.0> but was:<Infinity>-]",,,7,30750,4042,false,2,"[testMath905LargePositive(org.apache.commons.math3.util.FastMathTest): expected:<0.0> but was:<NaN>-, testMath905LargeNegative(org.apache.commons.math3.util.FastMathTest): expected:<0.0> but was:<Infinity>-]",,
94,23,true,4554,false,2,"[testMath905LargePositive(org.apache.commons.math3.util.FastMathTest): expected:<0.0> but was:<Infinity>-, testMath905LargeNegative(org.apache.commons.math3.util.FastMathTest): expected:<0.0> but was:<NaN>-]",,,6,30749,4039,false,2,"[testMath905LargePositive(org.apache.commons.math3.util.FastMathTest): expected:<0.0> but was:<Infinity>-, testMath905LargeNegative(org.apache.commons.math3.util.FastMathTest): expected:<0.0> but was:<NaN>-]",,
95,6,true,4502,false,2,"[testMath905LargePositive(org.apache.commons.math3.util.FastMathTest): expected:<0.0> but was:<Infinity>-, testMath905LargeNegative(org.apache.commons.math3.util.FastMathTest): expected:<0.0> but was:<Infinity>-]",,,1,2246,4039,false,2,"[testMath905LargePositive(org.apache.commons.math3.util.FastMathTest): expected:<0.0> but was:<Infinity>-, testMath905LargeNegative(org.apache.commons.math3.util.FastMathTest): expected:<0.0> but was:<Infinity>-]",,
96,7,true,4490,false,2,"[testMath905LargePositive(org.apache.commons.math3.util.FastMathTest): expected:<0.0> but was:<Infinity>-, testMath905LargeNegative(org.apache.commons.math3.util.FastMathTest): expected:<0.0> but was:<Infinity>-]",,,1,2173,4011,false,2,"[testMath905LargePositive(org.apache.commons.math3.util.FastMathTest): expected:<0.0> but was:<Infinity>-, testMath905LargeNegative(org.apache.commons.math3.util.FastMathTest): expected:<0.0> but was:<Infinity>-]",,
97,6,true,4500,false,2,"[testMath905LargePositive(org.apache.commons.math3.util.FastMathTest): expected:<0.0> but was:<Infinity>-, testMath905LargeNegative(org.apache.commons.math3.util.FastMathTest): expected:<0.0> but was:<Infinity>-]",,,1,2224,3983,false,2,"[testMath905LargePositive(org.apache.commons.math3.util.FastMathTest): expected:<0.0> but was:<Infinity>-, testMath905LargeNegative(org.apache.commons.math3.util.FastMathTest): expected:<0.0> but was:<Infinity>-]",,
98,6,true,4480,false,2,"[testMath905LargePositive(org.apache.commons.math3.util.FastMathTest): expected:<0.0> but was:<Infinity>-, testMath905LargeNegative(org.apache.commons.math3.util.FastMathTest): expected:<0.0> but was:<Infinity>-]",,,1,2243,3984,false,2,"[testMath905LargePositive(org.apache.commons.math3.util.FastMathTest): expected:<0.0> but was:<Infinity>-, testMath905LargeNegative(org.apache.commons.math3.util.FastMathTest): expected:<0.0> but was:<Infinity>-]",,
99,5,true,4489,false,2,"[testMath905LargePositive(org.apache.commons.math3.util.FastMathTest): expected:<0.0> but was:<Infinity>-, testMath905LargeNegative(org.apache.commons.math3.util.FastMathTest): expected:<0.0> but was:<Infinity>-]",,,1,2250,3975,false,2,"[testMath905LargePositive(org.apache.commons.math3.util.FastMathTest): expected:<0.0> but was:<Infinity>-, testMath905LargeNegative(org.apache.commons.math3.util.FastMathTest): expected:<0.0> but was:<Infinity>-]",,
100,26,true,5147,false,5,"[testMath905LargePositive(org.apache.commons.math3.util.FastMathTest): expected:<0.0> but was:<Infinity>-, testMath905LargeNegative(org.apache.commons.math3.util.FastMathTest): expected:<0.0> but was:<Infinity>-, testHyperbolic(org.apache.commons.math3.util.FastMathTest): expected:<0.0> but was:<9.006654085055465E15>-, testCoshAccuracy(org.apache.commons.math3.util.FastMathTest): cosh() had errors in excess of 0.51 ULP-, testHyperbolicInverses(org.apache.commons.math3.util.FastMathTest): expected:<0.0> but was:<4.4991972774828685E15>-]",,,7,30455,4670,false,5,"[testMath905LargePositive(org.apache.commons.math3.util.FastMathTest): expected:<0.0> but was:<Infinity>-, testMath905LargeNegative(org.apache.commons.math3.util.FastMathTest): expected:<0.0> but was:<Infinity>-, testHyperbolic(org.apache.commons.math3.util.FastMathTest): expected:<0.0> but was:<9.006654085055465E15>-, testCoshAccuracy(org.apache.commons.math3.util.FastMathTest): cosh() had errors in excess of 0.51 ULP-, testHyperbolicInverses(org.apache.commons.math3.util.FastMathTest): expected:<0.0> but was:<4.4991972774828685E15>-]",,
101,23,true,4482,false,2,"[testMath905LargePositive(org.apache.commons.math3.util.FastMathTest): expected:<0.0> but was:<Infinity>-, testMath905LargeNegative(org.apache.commons.math3.util.FastMathTest): expected:<0.0> but was:<NaN>-]",,,7,30737,4051,false,2,"[testMath905LargePositive(org.apache.commons.math3.util.FastMathTest): expected:<0.0> but was:<Infinity>-, testMath905LargeNegative(org.apache.commons.math3.util.FastMathTest): expected:<0.0> but was:<NaN>-]",,
102,29,true,4609,false,2,"[testMath905LargePositive(org.apache.commons.math3.util.FastMathTest): expected:<0.0> but was:<Infinity>-, testMath905LargeNegative(org.apache.commons.math3.util.FastMathTest): expected:<0.0> but was:<NaN>-]",,,7,30737,4070,false,2,"[testMath905LargePositive(org.apache.commons.math3.util.FastMathTest): expected:<0.0> but was:<Infinity>-, testMath905LargeNegative(org.apache.commons.math3.util.FastMathTest): expected:<0.0> but was:<NaN>-]",,
